-- phpMyAdmin SQL Dump
-- version 5.2.0
-- https://www.phpmyadmin.net/
--
-- Host: 127.0.0.1
-- Generation Time: May 01, 2023 at 11:37 AM
-- Server version: 10.4.24-MariaDB
-- PHP Version: 8.1.6

SET SQL_MODE = "NO_AUTO_VALUE_ON_ZERO";
START TRANSACTION;
SET time_zone = "+00:00";


/*!40101 SET @OLD_CHARACTER_SET_CLIENT=@@CHARACTER_SET_CLIENT */;
/*!40101 SET @OLD_CHARACTER_SET_RESULTS=@@CHARACTER_SET_RESULTS */;
/*!40101 SET @OLD_COLLATION_CONNECTION=@@COLLATION_CONNECTION */;
/*!40101 SET NAMES utf8mb4 */;

--
-- Database: `examresult_system`
--
CREATE DATABASE IF NOT EXISTS `examresult_system` DEFAULT CHARACTER SET utf8mb4 COLLATE utf8mb4_general_ci;
USE `examresult_system`;

-- --------------------------------------------------------

--
-- Table structure for table `admin`
--

CREATE TABLE `admin` (
  `Id` varchar(200) NOT NULL,
  `password` varchar(200) NOT NULL
) ENGINE=InnoDB DEFAULT CHARSET=utf8mb4;

--
-- Dumping data for table `admin`
--

INSERT INTO `admin` (`Id`, `password`) VALUES
('A01', 'FTS01A');

-- --------------------------------------------------------

--
-- Table structure for table `result`
--

CREATE TABLE `result` (
  `index_no` varchar(100) NOT NULL,
  `reg_no` varchar(50) NOT NULL,
  `subject_code` varchar(50) NOT NULL,
  `sub_name` varchar(200) NOT NULL,
  `grade` varchar(10) NOT NULL
) ENGINE=InnoDB DEFAULT CHARSET=utf8mb4;

--
-- Dumping data for table `result`
--

INSERT INTO `result` (`index_no`, `reg_no`, `subject_code`, `sub_name`, `grade`) VALUES
('TS3001', '2017/ICTS/01', 'TICT1212', 'Discrete Structures', 'C-'),
('TS3002', '2017/ICTS/02', 'TICT1212', 'Discrete Structures', 'E'),
('TS3003', '2017/ICTS/03', 'TICT1212', 'Discrete Structures', 'ab'),
('TS3004', '2017/ICTS/04', 'TICT1212', 'Discrete Structures', 'A+'),
('TS3005', '2017/ICTS/05', 'TICT1212', 'Discrete Structures', 'A+'),
('TS3006', '2017/ICTS/06', 'TICT1212', 'Discrete Structures', 'A+'),
('TS3007', '2017/ICTS/07', 'TICT1212', 'Discrete Structures', 'A+'),
('TS3008', '2017/ICTS/08', 'TICT1212', 'Discrete Structures', 'A+'),
('TS3009', '2017/ICTS/09', 'TICT1212', 'Discrete Structures', 'A+'),
('TS3010', '2017/ICTS/10', 'TICT1212', 'Discrete Structures', 'A+'),
('TS3011', '2017/ICTS/11', 'TICT1212', 'Discrete Structures', 'A+'),
('TS3012', '2017/ICTS/12', 'TICT1212', 'Discrete Structures', 'A+'),
('TS3013', '2017/ICTS/13', 'TICT1212', 'Discrete Structures', 'A+'),
('TS3014', '2017/ICTS/14', 'TICT1212', 'Discrete Structures', 'A+'),
('TS3015', '2017/ICTS/15', 'TICT1212', 'Discrete Structures', 'A+'),
('TS3016', '2017/ICTS/16', 'TICT1212', 'Discrete Structures', 'A+'),
('TS3017', '2017/ICTS/17', 'TICT1212', 'Discrete Structures', 'A+'),
('TS3018', '2017/ICTS/18', 'TICT1212', 'Discrete Structures', 'A+'),
('TS3019', '2017/ICTS/19', 'TICT1212', 'Discrete Structures', 'A+'),
('TS3020', '2017/ICTS/20', 'TICT1212', 'Discrete Structures', 'A+'),
('TS3021', '2017/ICTS/21', 'TICT1212', 'Discrete Structures', 'A+'),
('TS3022', '2017/ICTS/22', 'TICT1212', 'Discrete Structures', 'A+'),
('TS3023', '2017/ICTS/23', 'TICT1212', 'Discrete Structures', 'A+'),
('TS3024', '2017/ICTS/24', 'TICT1212', 'Discrete Structures', 'A+'),
('TS3025', '2017/ICTS/25', 'TICT1212', 'Discrete Structures', 'A+'),
('TS4001', '2018/ICTS/01', 'AUX1113', 'English Language', 'A'),
('TS4001', '2018/ICTS/01', 'TICT1114', 'Essentials of ICT', 'A'),
('TS4001', '2018/ICTS/01', 'TICT1123', 'Mathematics For Technology', 'A'),
('TS4001', '2018/ICTS/01', 'TICT1134', 'Fundamentals of Comuter Programming', 'A'),
('TS4001', '2018/ICTS/01', 'TICT1142', 'Fundamentals of Computer Programming', 'A'),
('TS4001', '2018/ICTS/01', 'TICT1152', 'Principles of Management', 'A'),
('TS4001', '2018/ICTS/01', 'TICT1212', 'Discrete Structures', 'C'),
('TS4001', '2018/ICTS/01', 'TICT1233', 'Operating System', 'B'),
('TS4001', '2018/ICTS/01', 'TICT2113', 'Data Structures and Algorithmn', 'A'),
('TS4001', '2018/ICTS/01', 'TICT2122', 'Statistic For Technology', 'A'),
('TS4001', '2018/ICTS/01', 'TICT2134', 'Advanced Computer Programming', 'A'),
('TS4001', '2018/ICTS/01', 'TICT3123', 'Advanced Database Management System', 'A'),
('TS4001', '2018/ICTS/01', 'TICT3232', 'Software and Quality Assurance', 'A'),
('TS4001', '2018/ICTS/01', 'TICT3262', 'Distributed Systems', 'A'),
('TS4002', '2018/ICTS/02', 'AUX1113', 'English Language', 'A+'),
('TS4002', '2018/ICTS/02', 'TICT1114', 'Essentials of ICT', 'A+'),
('TS4002', '2018/ICTS/02', 'TICT1123', 'Mathematics For Technology', 'A+'),
('TS4002', '2018/ICTS/02', 'TICT1134', 'Fundamentals of Comuter Programming', 'A+'),
('TS4002', '2018/ICTS/02', 'TICT1142', 'Fundamentals of Computer Programming', 'A+'),
('TS4002', '2018/ICTS/02', 'TICT1152', 'Principles of Management', 'A+'),
('TS4002', '2018/ICTS/02', 'TICT1212', 'Discrete Structures', 'A+'),
('TS4002', '2018/ICTS/02', 'TICT1233', 'Operating System', 'B+'),
('TS4002', '2018/ICTS/02', 'TICT2113', 'Data Structures and Algorithmn', 'A+'),
('TS4002', '2018/ICTS/02', 'TICT2122', 'Statistic For Technology', 'A+'),
('TS4002', '2018/ICTS/02', 'TICT2134', 'Advanced Computer Programming', 'A+'),
('TS4002', '2018/ICTS/02', 'TICT3123', 'Advanced Database Management System', 'A+'),
('TS4002', '2018/ICTS/02', 'TICT3232', 'Software and Quality Assurance', 'A+'),
('TS4002', '2018/ICTS/02', 'TICT3262', 'Distributed Systems', 'A+'),
('TS4003', '2018/ICTS/03', 'AUX1113', 'English Language', 'A+'),
('TS4003', '2018/ICTS/03', 'TICT1114', 'Essentials of ICT', 'A+'),
('TS4003', '2018/ICTS/03', 'TICT1123', 'Mathematics For Technology', 'A+'),
('TS4003', '2018/ICTS/03', 'TICT1134', 'Fundamentals of Comuter Programming', 'A+'),
('TS4003', '2018/ICTS/03', 'TICT1142', 'Fundamentals of Computer Programming', 'A+'),
('TS4003', '2018/ICTS/03', 'TICT1152', 'Principles of Management', 'A+'),
('TS4003', '2018/ICTS/03', 'TICT1212', 'Discrete Structures', 'A+'),
('TS4003', '2018/ICTS/03', 'TICT1233', 'Operating System', 'A+'),
('TS4003', '2018/ICTS/03', 'TICT2113', 'Data Structures and Algorithmn', 'A+'),
('TS4003', '2018/ICTS/03', 'TICT2122', 'Statistic For Technology', 'A+'),
('TS4003', '2018/ICTS/03', 'TICT2134', 'Advanced Computer Programming', 'A+'),
('TS4003', '2018/ICTS/03', 'TICT3123', 'Advanced Database Management System', 'A+'),
('TS4003', '2018/ICTS/03', 'TICT3232', 'Software and Quality Assurance', 'A+'),
('TS4003', '2018/ICTS/03', 'TICT3262', 'Distributed Systems', 'A+'),
('TS4004', '2018/ICTS/04', 'AUX1113', 'English Language', 'A+'),
('TS4004', '2018/ICTS/04', 'TICT1114', 'Essentials of ICT', 'A+'),
('TS4004', '2018/ICTS/04', 'TICT1123', 'Mathematics For Technology', 'A+'),
('TS4004', '2018/ICTS/04', 'TICT1134', 'Fundamentals of Comuter Programming', 'A+'),
('TS4004', '2018/ICTS/04', 'TICT1142', 'Fundamentals of Computer Programming', 'A+'),
('TS4004', '2018/ICTS/04', 'TICT1152', 'Principles of Management', 'A+'),
('TS4004', '2018/ICTS/04', 'TICT1212', 'Discrete Structures', 'A+'),
('TS4004', '2018/ICTS/04', 'TICT1233', 'Operating System', 'A+'),
('TS4004', '2018/ICTS/04', 'TICT2113', 'Data Structures and Algorithmn', 'A+'),
('TS4004', '2018/ICTS/04', 'TICT2122', 'Statistic For Technology', 'A+'),
('TS4004', '2018/ICTS/04', 'TICT2134', 'Advanced Computer Programming', 'A+'),
('TS4004', '2018/ICTS/04', 'TICT3123', 'Advanced Database Management System', 'A+'),
('TS4004', '2018/ICTS/04', 'TICT3232', 'Software and Quality Assurance', 'A+'),
('TS4004', '2018/ICTS/04', 'TICT3262', 'Distributed Systems', 'A+'),
('TS4005', '2018/ICTS/05', 'AUX1113', 'English Language', 'A+'),
('TS4005', '2018/ICTS/05', 'TICT1114', 'Essentials of ICT', 'A+'),
('TS4005', '2018/ICTS/05', 'TICT1123', 'Mathematics For Technology', 'A+'),
('TS4005', '2018/ICTS/05', 'TICT1134', 'Fundamentals of Comuter Programming', 'A+'),
('TS4005', '2018/ICTS/05', 'TICT1142', 'Fundamentals of Computer Programming', 'A+'),
('TS4005', '2018/ICTS/05', 'TICT1152', 'Principles of Management', 'A+'),
('TS4005', '2018/ICTS/05', 'TICT1212', 'Discrete Structures', 'A+'),
('TS4005', '2018/ICTS/05', 'TICT1233', 'Operating System', 'A+'),
('TS4005', '2018/ICTS/05', 'TICT2113', 'Data Structures and Algorithmn', 'A+'),
('TS4005', '2018/ICTS/05', 'TICT2122', 'Statistic For Technology', 'A+'),
('TS4005', '2018/ICTS/05', 'TICT2134', 'Advanced Computer Programming', 'A+'),
('TS4005', '2018/ICTS/05', 'TICT3123', 'Advanced Database Management System', 'A+'),
('TS4005', '2018/ICTS/05', 'TICT3232', 'Software and Quality Assurance', 'A+'),
('TS4005', '2018/ICTS/05', 'TICT3262', 'Distributed Systems', 'A+'),
('TS4006', '2018/ICTS/06', 'AUX1113', 'English Language', 'A+'),
('TS4006', '2018/ICTS/06', 'TICT1114', 'Essentials of ICT', 'A+'),
('TS4006', '2018/ICTS/06', 'TICT1123', 'Mathematics For Technology', 'A+'),
('TS4006', '2018/ICTS/06', 'TICT1134', 'Fundamentals of Comuter Programming', 'A+'),
('TS4006', '2018/ICTS/06', 'TICT1142', 'Fundamentals of Computer Programming', 'A+'),
('TS4006', '2018/ICTS/06', 'TICT1152', 'Principles of Management', 'A+'),
('TS4006', '2018/ICTS/06', 'TICT1212', 'Discrete Structures', 'A+'),
('TS4006', '2018/ICTS/06', 'TICT1233', 'Operating System', 'A+'),
('TS4006', '2018/ICTS/06', 'TICT2134', 'Advanced Computer Programming', 'A+'),
('TS4007', '2018/ICTS/07', 'AUX1113', 'English Language', 'A+'),
('TS4007', '2018/ICTS/07', 'TICT1114', 'Essentials of ICT', 'A+'),
('TS4007', '2018/ICTS/07', 'TICT1123', 'Mathematics For Technology', 'A+'),
('TS4007', '2018/ICTS/07', 'TICT1134', 'Fundamentals of Comuter Programming', 'A+'),
('TS4007', '2018/ICTS/07', 'TICT1142', 'Fundamentals of Computer Programming', 'A+'),
('TS4007', '2018/ICTS/07', 'TICT1152', 'Principles of Management', 'A+'),
('TS4007', '2018/ICTS/07', 'TICT1212', 'Discrete Structures', 'A+'),
('TS4007', '2018/ICTS/07', 'TICT1233', 'Operating System', 'A+'),
('TS4007', '2018/ICTS/07', 'TICT2113', 'Data Structures and Algorithmn', 'A+'),
('TS4007', '2018/ICTS/07', 'TICT2122', 'Statistic For Technology', 'A+'),
('TS4007', '2018/ICTS/07', 'TICT2134', 'Advanced Computer Programming', 'A+'),
('TS4007', '2018/ICTS/07', 'TICT3123', 'Advanced Database Management System', 'A+'),
('TS4007', '2018/ICTS/07', 'TICT3232', 'Software and Quality Assurance', 'A+'),
('TS4007', '2018/ICTS/07', 'TICT3262', 'Distributed Systems', 'A+'),
('TS4008', '2018/ICTS/08', 'AUX1113', 'English Language', 'A+'),
('TS4008', '2018/ICTS/08', 'TICT1114', 'Essentials of ICT', 'A+'),
('TS4008', '2018/ICTS/08', 'TICT1123', 'Mathematics For Technology', 'A+'),
('TS4008', '2018/ICTS/08', 'TICT1134', 'Fundamentals of Comuter Programming', 'A+'),
('TS4008', '2018/ICTS/08', 'TICT1142', 'Fundamentals of Computer Programming', 'A+'),
('TS4008', '2018/ICTS/08', 'TICT1152', 'Principles of Management', 'A+'),
('TS4008', '2018/ICTS/08', 'TICT1212', 'Discrete Structures', 'A+'),
('TS4008', '2018/ICTS/08', 'TICT1233', 'Operating System', 'A+'),
('TS4008', '2018/ICTS/08', 'TICT2113', 'Data Structures and Algorithmn', 'A+'),
('TS4008', '2018/ICTS/08', 'TICT2122', 'Statistic For Technology', 'A+'),
('TS4008', '2018/ICTS/08', 'TICT2134', 'Advanced Computer Programming', 'A+'),
('TS4008', '2018/ICTS/08', 'TICT3123', 'Advanced Database Management System', 'A+'),
('TS4008', '2018/ICTS/08', 'TICT3232', 'Software and Quality Assurance', 'A+'),
('TS4008', '2018/ICTS/08', 'TICT3262', 'Distributed Systems', 'A+'),
('TS4009', '2018/ICTS/09', 'AUX1113', 'English Language', 'A+'),
('TS4009', '2018/ICTS/09', 'TICT1114', 'Essentials of ICT', 'A+'),
('TS4009', '2018/ICTS/09', 'TICT1123', 'Mathematics For Technology', 'A+'),
('TS4009', '2018/ICTS/09', 'TICT1134', 'Fundamentals of Comuter Programming', 'A+'),
('TS4009', '2018/ICTS/09', 'TICT1142', 'Fundamentals of Computer Programming', 'A+'),
('TS4009', '2018/ICTS/09', 'TICT1152', 'Principles of Management', 'A+'),
('TS4009', '2018/ICTS/09', 'TICT1212', 'Discrete Structures', 'A+'),
('TS4009', '2018/ICTS/09', 'TICT1233', 'Operating System', 'A+'),
('TS4009', '2018/ICTS/09', 'TICT2113', 'Data Structures and Algorithmn', 'A+'),
('TS4009', '2018/ICTS/09', 'TICT2122', 'Statistic For Technology', 'A+'),
('TS4009', '2018/ICTS/09', 'TICT2134', 'Advanced Computer Programming', 'A+'),
('TS4009', '2018/ICTS/09', 'TICT3123', 'Advanced Database Management System', 'A+'),
('TS4009', '2018/ICTS/09', 'TICT3232', 'Software and Quality Assurance', 'A+'),
('TS4009', '2018/ICTS/09', 'TICT3262', 'Distributed Systems', 'A+'),
('TS4010', '2018/ICTS/10', 'AUX1113', 'English Language', 'A+'),
('TS4010', '2018/ICTS/10', 'TICT1114', 'Essentials of ICT', 'A+'),
('TS4010', '2018/ICTS/10', 'TICT1123', 'Mathematics For Technology', 'A+'),
('TS4010', '2018/ICTS/10', 'TICT1134', 'Fundamentals of Comuter Programming', 'A+'),
('TS4010', '2018/ICTS/10', 'TICT1142', 'Fundamentals of Computer Programming', 'A+'),
('TS4010', '2018/ICTS/10', 'TICT1152', 'Principles of Management', 'A+'),
('TS4010', '2018/ICTS/10', 'TICT1212', 'Discrete Structures', 'A+'),
('TS4010', '2018/ICTS/10', 'TICT1233', 'Operating System', 'A+'),
('TS4010', '2018/ICTS/10', 'TICT2113', 'Data Structures and Algorithmn', 'A+'),
('TS4010', '2018/ICTS/10', 'TICT2122', 'Statistic For Technology', 'A+'),
('TS4010', '2018/ICTS/10', 'TICT2134', 'Advanced Computer Programming', 'A+'),
('TS4010', '2018/ICTS/10', 'TICT3123', 'Advanced Database Management System', 'A+'),
('TS4010', '2018/ICTS/10', 'TICT3232', 'Software and Quality Assurance', 'A+'),
('TS4010', '2018/ICTS/10', 'TICT3262', 'Distributed Systems', 'A+'),
('TS4011', '2018/ICTS/11', 'AUX1113', 'English Language', 'A+'),
('TS4011', '2018/ICTS/11', 'TICT1114', 'Essentials of ICT', 'A+'),
('TS4011', '2018/ICTS/11', 'TICT1123', 'Mathematics For Technology', 'A+'),
('TS4011', '2018/ICTS/11', 'TICT1134', 'Fundamentals of Comuter Programming', 'A+'),
('TS4011', '2018/ICTS/11', 'TICT1142', 'Fundamentals of Computer Programming', 'A+'),
('TS4011', '2018/ICTS/11', 'TICT1152', 'Principles of Management', 'A+'),
('TS4011', '2018/ICTS/11', 'TICT1212', 'Discrete Structures', 'A+'),
('TS4011', '2018/ICTS/11', 'TICT1233', 'Operating System', 'A+'),
('TS4011', '2018/ICTS/11', 'TICT2134', 'Advanced Computer Programming', 'A+'),
('TS4012', '2018/ICTS/12', 'AUX1113', 'English Language', 'A+'),
('TS4012', '2018/ICTS/12', 'TICT1114', 'Essentials of ICT', 'A+'),
('TS4012', '2018/ICTS/12', 'TICT1123', 'Mathematics For Technology', 'A+'),
('TS4012', '2018/ICTS/12', 'TICT1134', 'Fundamentals of Comuter Programming', 'A+'),
('TS4012', '2018/ICTS/12', 'TICT1142', 'Fundamentals of Computer Programming', 'A+'),
('TS4012', '2018/ICTS/12', 'TICT1152', 'Principles of Management', 'A+'),
('TS4012', '2018/ICTS/12', 'TICT1212', 'Discrete Structures', 'A+'),
('TS4012', '2018/ICTS/12', 'TICT1233', 'Operating System', 'A+'),
('TS4012', '2018/ICTS/12', 'TICT2134', 'Advanced Computer Programming', 'A+'),
('TS4013', '2018/ICTS/13', 'AUX1113', 'English Language', 'A+'),
('TS4013', '2018/ICTS/13', 'TICT1114', 'Essentials of ICT', 'A+'),
('TS4013', '2018/ICTS/13', 'TICT1123', 'Mathematics For Technology', 'A+'),
('TS4013', '2018/ICTS/13', 'TICT1134', 'Fundamentals of Comuter Programming', 'A+'),
('TS4013', '2018/ICTS/13', 'TICT1142', 'Fundamentals of Computer Programming', 'A+'),
('TS4013', '2018/ICTS/13', 'TICT1152', 'Principles of Management', 'A+'),
('TS4013', '2018/ICTS/13', 'TICT1212', 'Discrete Structures', 'A+'),
('TS4013', '2018/ICTS/13', 'TICT1233', 'Operating System', 'A+'),
('TS4013', '2018/ICTS/13', 'TICT2134', 'Advanced Computer Programming', 'A+'),
('TS4014', '2018/ICTS/14', 'AUX1113', 'English Language', 'A+'),
('TS4014', '2018/ICTS/14', 'TICT1114', 'Essentials of ICT', 'A+'),
('TS4014', '2018/ICTS/14', 'TICT1123', 'Mathematics For Technology', 'A+'),
('TS4014', '2018/ICTS/14', 'TICT1134', 'Fundamentals of Comuter Programming', 'A+'),
('TS4014', '2018/ICTS/14', 'TICT1142', 'Fundamentals of Computer Programming', 'A+'),
('TS4014', '2018/ICTS/14', 'TICT1152', 'Principles of Management', 'A+'),
('TS4014', '2018/ICTS/14', 'TICT1212', 'Discrete Structures', 'A+'),
('TS4014', '2018/ICTS/14', 'TICT1233', 'Operating System', 'A+'),
('TS4014', '2018/ICTS/14', 'TICT2134', 'Advanced Computer Programming', 'A+'),
('TS4015', '2018/ICTS/15', 'AUX1113', 'English Language', 'A+'),
('TS4015', '2018/ICTS/15', 'TICT1114', 'Essentials of ICT', 'A+'),
('TS4015', '2018/ICTS/15', 'TICT1123', 'Mathematics For Technology', 'A+'),
('TS4015', '2018/ICTS/15', 'TICT1134', 'Fundamentals of Comuter Programming', 'A+'),
('TS4015', '2018/ICTS/15', 'TICT1142', 'Fundamentals of Computer Programming', 'A+'),
('TS4015', '2018/ICTS/15', 'TICT1152', 'Principles of Management', 'A+'),
('TS4015', '2018/ICTS/15', 'TICT1212', 'Discrete Structures', 'A+'),
('TS4015', '2018/ICTS/15', 'TICT1233', 'Operating System', 'A+'),
('TS4015', '2018/ICTS/15', 'TICT2113', 'Data Structures and Algorithmn', 'A+'),
('TS4015', '2018/ICTS/15', 'TICT2122', 'Statistic For Technology', 'A+'),
('TS4015', '2018/ICTS/15', 'TICT2134', 'Advanced Computer Programming', 'A+'),
('TS4015', '2018/ICTS/15', 'TICT3123', 'Advanced Database Management System', 'A+'),
('TS4015', '2018/ICTS/15', 'TICT3232', 'Software and Quality Assurance', 'A+'),
('TS4015', '2018/ICTS/15', 'TICT3262', 'Distributed Systems', 'A+'),
('TS4016', '2018/ICTS/16', 'AUX1113', 'English Language', 'A+'),
('TS4016', '2018/ICTS/16', 'TICT1114', 'Essentials of ICT', 'A+'),
('TS4016', '2018/ICTS/16', 'TICT1123', 'Mathematics For Technology', 'A+'),
('TS4016', '2018/ICTS/16', 'TICT1134', 'Fundamentals of Comuter Programming', 'A+'),
('TS4016', '2018/ICTS/16', 'TICT1142', 'Fundamentals of Computer Programming', 'A+'),
('TS4016', '2018/ICTS/16', 'TICT1152', 'Principles of Management', 'A+'),
('TS4016', '2018/ICTS/16', 'TICT1212', 'Discrete Structures', 'A+'),
('TS4016', '2018/ICTS/16', 'TICT1233', 'Operating System', 'A+'),
('TS4016', '2018/ICTS/16', 'TICT2113', 'Data Structures and Algorithmn', 'A+'),
('TS4016', '2018/ICTS/16', 'TICT2122', 'Statistic For Technology', 'A+'),
('TS4016', '2018/ICTS/16', 'TICT2134', 'Advanced Computer Programming', 'A+'),
('TS4016', '2018/ICTS/16', 'TICT3123', 'Advanced Database Management System', 'A+'),
('TS4016', '2018/ICTS/16', 'TICT3232', 'Software and Quality Assurance', 'A+'),
('TS4016', '2018/ICTS/16', 'TICT3262', 'Distributed Systems', 'A+'),
('TS4017', '2018/ICTS/17', 'AUX1113', 'English Language', 'A+'),
('TS4017', '2018/ICTS/17', 'TICT1114', 'Essentials of ICT', 'A+'),
('TS4017', '2018/ICTS/17', 'TICT1123', 'Mathematics For Technology', 'A+'),
('TS4017', '2018/ICTS/17', 'TICT1134', 'Fundamentals of Comuter Programming', 'A+'),
('TS4017', '2018/ICTS/17', 'TICT1142', 'Fundamentals of Computer Programming', 'A+'),
('TS4017', '2018/ICTS/17', 'TICT1152', 'Principles of Management', 'A+'),
('TS4017', '2018/ICTS/17', 'TICT1212', 'Discrete Structures', 'A+'),
('TS4017', '2018/ICTS/17', 'TICT1233', 'Operating System', 'A+'),
('TS4017', '2018/ICTS/17', 'TICT2134', 'Advanced Computer Programming', 'A+'),
('TS4018', '2018/ICTS/18', 'AUX1113', 'English Language', 'A+'),
('TS4018', '2018/ICTS/18', 'TICT1114', 'Essentials of ICT', 'A+'),
('TS4018', '2018/ICTS/18', 'TICT1123', 'Mathematics For Technology', 'A+'),
('TS4018', '2018/ICTS/18', 'TICT1134', 'Fundamentals of Comuter Programming', 'A+'),
('TS4018', '2018/ICTS/18', 'TICT1142', 'Fundamentals of Computer Programming', 'A+'),
('TS4018', '2018/ICTS/18', 'TICT1152', 'Principles of Management', 'A+'),
('TS4018', '2018/ICTS/18', 'TICT1212', 'Discrete Structures', 'A+'),
('TS4018', '2018/ICTS/18', 'TICT1233', 'Operating System', 'A+'),
('TS4018', '2018/ICTS/18', 'TICT2113', 'Data Structures and Algorithmn', 'A+'),
('TS4018', '2018/ICTS/18', 'TICT2122', 'Statistic For Technology', 'A+'),
('TS4018', '2018/ICTS/18', 'TICT2134', 'Advanced Computer Programming', 'A+'),
('TS4018', '2018/ICTS/18', 'TICT3123', 'Advanced Database Management System', 'A+'),
('TS4018', '2018/ICTS/18', 'TICT3232', 'Software and Quality Assurance', 'A+'),
('TS4018', '2018/ICTS/18', 'TICT3262', 'Distributed Systems', 'A+'),
('TS4019', '2018/ICTS/19', 'AUX1113', 'English Language', 'A+'),
('TS4019', '2018/ICTS/19', 'TICT1114', 'Essentials of ICT', 'A+'),
('TS4019', '2018/ICTS/19', 'TICT1123', 'Mathematics For Technology', 'A+'),
('TS4019', '2018/ICTS/19', 'TICT1134', 'Fundamentals of Comuter Programming', 'A+'),
('TS4019', '2018/ICTS/19', 'TICT1142', 'Fundamentals of Computer Programming', 'A+'),
('TS4019', '2018/ICTS/19', 'TICT1152', 'Principles of Management', 'A+'),
('TS4019', '2018/ICTS/19', 'TICT1212', 'Discrete Structures', 'A+'),
('TS4019', '2018/ICTS/19', 'TICT1233', 'Operating System', 'A+'),
('TS4019', '2018/ICTS/19', 'TICT2134', 'Advanced Computer Programming', 'A+'),
('TS4020', '2018/ICTS/20', 'AUX1113', 'English Language', 'A+'),
('TS4020', '2018/ICTS/20', 'TICT1114', 'Essentials of ICT', 'A+'),
('TS4020', '2018/ICTS/20', 'TICT1123', 'Mathematics For Technology', 'A+'),
('TS4020', '2018/ICTS/20', 'TICT1134', 'Fundamentals of Comuter Programming', 'A+'),
('TS4020', '2018/ICTS/20', 'TICT1142', 'Fundamentals of Computer Programming', 'A+'),
('TS4020', '2018/ICTS/20', 'TICT1152', 'Principles of Management', 'A+'),
('TS4020', '2018/ICTS/20', 'TICT1212', 'Discrete Structures', 'A+'),
('TS4020', '2018/ICTS/20', 'TICT1233', 'Operating System', 'A+'),
('TS4020', '2018/ICTS/20', 'TICT2134', 'Advanced Computer Programming', 'A+'),
('TS4021', '2018/ICTS/21', 'AUX1113', 'English Language', 'A+'),
('TS4021', '2018/ICTS/21', 'TICT1114', 'Essentials of ICT', 'A+'),
('TS4021', '2018/ICTS/21', 'TICT1123', 'Mathematics For Technology', 'A+'),
('TS4021', '2018/ICTS/21', 'TICT1134', 'Fundamentals of Comuter Programming', 'A+'),
('TS4021', '2018/ICTS/21', 'TICT1142', 'Fundamentals of Computer Programming', 'A+'),
('TS4021', '2018/ICTS/21', 'TICT1152', 'Principles of Management', 'A+'),
('TS4021', '2018/ICTS/21', 'TICT1212', 'Discrete Structures', 'A+'),
('TS4021', '2018/ICTS/21', 'TICT1233', 'Operating System', 'A+'),
('TS4021', '2018/ICTS/21', 'TICT2134', 'Advanced Computer Programming', 'A+'),
('TS4022', '2018/ICTS/22', 'AUX1113', 'English Language', 'A+'),
('TS4022', '2018/ICTS/22', 'TICT1114', 'Essentials of ICT', 'A+'),
('TS4022', '2018/ICTS/22', 'TICT1123', 'Mathematics For Technology', 'A+'),
('TS4022', '2018/ICTS/22', 'TICT1134', 'Fundamentals of Comuter Programming', 'A+'),
('TS4022', '2018/ICTS/22', 'TICT1142', 'Fundamentals of Computer Programming', 'A+'),
('TS4022', '2018/ICTS/22', 'TICT1152', 'Principles of Management', 'A+'),
('TS4022', '2018/ICTS/22', 'TICT1212', 'Discrete Structures', 'A+'),
('TS4022', '2018/ICTS/22', 'TICT1233', 'Operating System', 'A+'),
('TS4022', '2018/ICTS/22', 'TICT2113', 'Data Structures and Algorithmn', 'A+'),
('TS4022', '2018/ICTS/22', 'TICT2122', 'Statistic For Technology', 'A+'),
('TS4022', '2018/ICTS/22', 'TICT2134', 'Advanced Computer Programming', 'A+'),
('TS4022', '2018/ICTS/22', 'TICT3123', 'Advanced Database Management System', 'A+'),
('TS4022', '2018/ICTS/22', 'TICT3232', 'Software and Quality Assurance', 'A+'),
('TS4022', '2018/ICTS/22', 'TICT3262', 'Distributed Systems', 'A+'),
('TS4023', '2018/ICTS/23', 'AUX1113', 'English Language', 'A+'),
('TS4023', '2018/ICTS/23', 'TICT1114', 'Essentials of ICT', 'A+'),
('TS4023', '2018/ICTS/23', 'TICT1123', 'Mathematics For Technology', 'A+'),
('TS4023', '2018/ICTS/23', 'TICT1134', 'Fundamentals of Comuter Programming', 'A+'),
('TS4023', '2018/ICTS/23', 'TICT1142', 'Fundamentals of Computer Programming', 'A+'),
('TS4023', '2018/ICTS/23', 'TICT1152', 'Principles of Management', 'A+'),
('TS4023', '2018/ICTS/23', 'TICT1212', 'Discrete Structures', 'A+'),
('TS4023', '2018/ICTS/23', 'TICT1233', 'Operating System', 'A+'),
('TS4023', '2018/ICTS/23', 'TICT2134', 'Advanced Computer Programming', 'A+'),
('TS4024', '2018/ICTS/24', 'AUX1113', 'English Language', 'A+'),
('TS4020', '2018/ICTS/24', 'TICT1114', 'Essentials of ICT', 'A+'),
('TS4020', '2018/ICTS/24', 'TICT1123', 'Mathematics For Technology', 'A+'),
('TS4024', '2018/ICTS/24', 'TICT1134', 'Fundamentals of Comuter Programming', 'A+'),
('TS4024', '2018/ICTS/24', 'TICT1142', 'Fundamentals of Computer Programming', 'A+'),
('TS4024', '2018/ICTS/24', 'TICT1152', 'Principles of Management', 'A+'),
('TS4024', '2018/ICTS/24', 'TICT1212', 'Discrete Structures', 'A+'),
('TS4024', '2018/ICTS/24', 'TICT1233', 'Operating System', 'A+'),
('TS4024', '2018/ICTS/24', 'TICT2113', 'Data Structures and Algorithmn', 'A+'),
('TS4024', '2018/ICTS/24', 'TICT2122', 'Statistic For Technology', 'A+'),
('TS4024', '2018/ICTS/24', 'TICT2134', 'Advanced Computer Programming', 'A+'),
('TS4020', '2018/ICTS/24', 'TICT3123', 'Advanced Database Management System', 'A+'),
('TS4024', '2018/ICTS/24', 'TICT3232', 'Software and Quality Assurance', 'A+'),
('TS4024', '2018/ICTS/24', 'TICT3262', 'Distributed Systems', 'A+'),
('TS4025', '2018/ICTS/25', 'AUX1113', 'English Language', 'A+'),
('TS4025', '2018/ICTS/25', 'TICT1114', 'Essentials of ICT', 'A+'),
('TS4025', '2018/ICTS/25', 'TICT1123', 'Mathematics For Technology', 'A+'),
('TS4025', '2018/ICTS/25', 'TICT1134', 'Fundamentals of Comuter Programming', 'A+'),
('TS4025', '2018/ICTS/25', 'TICT1142', 'Fundamentals of Computer Programming', 'A+'),
('TS4025', '2018/ICTS/25', 'TICT1152', 'Principles of Management', 'A+'),
('TS4025', '2018/ICTS/25', 'TICT1212', 'Discrete Structures', 'A+'),
('TS4025', '2018/ICTS/25', 'TICT1233', 'Operating System', 'A+'),
('TS4025', '2018/ICTS/25', 'TICT2134', 'Advanced Computer Programming', 'A+'),
('TS4026', '2018/ICTS/26', 'AUX1113', 'English Language', 'A+'),
('TS4026', '2018/ICTS/26', 'TICT1114', 'Essentials of ICT', 'A+'),
('TS4026', '2018/ICTS/26', 'TICT1123', 'Mathematics For Technology', 'A+'),
('TS4026', '2018/ICTS/26', 'TICT1134', 'Fundamentals of Comuter Programming', 'A+'),
('TS4026', '2018/ICTS/26', 'TICT1142', 'Fundamentals of Computer Programming', 'A+'),
('TS4026', '2018/ICTS/26', 'TICT1152', 'Principles of Management', 'A+'),
('TS4026', '2018/ICTS/26', 'TICT2113', 'Data Structures and Algorithmn', 'A+'),
('TS4026', '2018/ICTS/26', 'TICT2122', 'Statistic For Technology', 'A+'),
('TS4026', '2018/ICTS/26', 'TICT2134', 'Advanced Computer Programming', 'A+'),
('TS4026', '2018/ICTS/26', 'TICT3123', 'Advanced Database Management System', 'A+'),
('TS4026', '2018/ICTS/26', 'TICT3232', 'Software and Quality Assurance', 'A+'),
('TS4026', '2018/ICTS/26', 'TICT3262', 'Distributed Systems', 'A+'),
('TS4027', '2018/ICTS/27', 'AUX1113', 'English Language', 'A+'),
('TS4027', '2018/ICTS/27', 'TICT1114', 'Essentials of ICT', 'A+'),
('TS4027', '2018/ICTS/27', 'TICT1123', 'Mathematics For Technology', 'A+'),
('TS4027', '2018/ICTS/27', 'TICT1134', 'Fundamentals of Comuter Programming', 'A+'),
('TS4027', '2018/ICTS/27', 'TICT1142', 'Fundamentals of Computer Programming', 'A+'),
('TS4027', '2018/ICTS/27', 'TICT1152', 'Principles of Management', 'A+'),
('TS4027', '2018/ICTS/27', 'TICT2134', 'Advanced Computer Programming', 'A+'),
('TS4028', '2018/ICTS/28', 'AUX1113', 'English Language', 'A+'),
('TS4028', '2018/ICTS/28', 'TICT1114', 'Essentials of ICT', 'A+'),
('TS4028', '2018/ICTS/28', 'TICT1123', 'Mathematics For Technology', 'A+'),
('TS4028', '2018/ICTS/28', 'TICT1134', 'Fundamentals of Comuter Programming', 'A+'),
('TS4028', '2018/ICTS/28', 'TICT1142', 'Fundamentals of Computer Programming', 'A+'),
('TS4028', '2018/ICTS/28', 'TICT1152', 'Principles of Management', 'A+'),
('TS4028', '2018/ICTS/28', 'TICT2134', 'Advanced Computer Programming', 'A+'),
('TS4029', '2018/ICTS/29', 'AUX1113', 'English Language', 'A+'),
('TS4025', '2018/ICTS/29', 'TICT1114', 'Essentials of ICT', 'A+'),
('TS4025', '2018/ICTS/29', 'TICT1123', 'Mathematics For Technology', 'A+'),
('TS4029', '2018/ICTS/29', 'TICT1134', 'Fundamentals of Comuter Programming', 'A+'),
('TS4029', '2018/ICTS/29', 'TICT1142', 'Fundamentals of Computer Programming', 'A+'),
('TS4029', '2018/ICTS/29', 'TICT1152', 'Principles of Management', 'A+'),
('TS4029', '2018/ICTS/29', 'TICT2113', 'Data Structures and Algorithmn', 'A+'),
('TS4029', '2018/ICTS/29', 'TICT2122', 'Statistic For Technology', 'A+'),
('TS4029', '2018/ICTS/29', 'TICT2134', 'Advanced Computer Programming', 'A+'),
('TS4025', '2018/ICTS/29', 'TICT3123', 'Advanced Database Management System', 'A+'),
('TS4029', '2018/ICTS/29', 'TICT3232', 'Software and Quality Assurance', 'A+'),
('TS4029', '2018/ICTS/29', 'TICT3262', 'Distributed Systems', 'A+'),
('TS4030', '2018/ICTS/30', 'AUX1113', 'English Language', 'A+'),
('TS4030', '2018/ICTS/30', 'TICT1114', 'Essentials of ICT', 'A+'),
('TS4030', '2018/ICTS/30', 'TICT1123', 'Mathematics For Technology', 'A+'),
('TS4030', '2018/ICTS/30', 'TICT1134', 'Fundamentals of Comuter Programming', 'A+'),
('TS4030', '2018/ICTS/30', 'TICT1142', 'Fundamentals of Computer Programming', 'A+'),
('TS4030', '2018/ICTS/30', 'TICT1152', 'Principles of Management', 'A+'),
('TS4030', '2018/ICTS/30', 'TICT2134', 'Advanced Computer Programming', 'A+'),
('TS4031', '2018/ICTS/31', 'AUX1113', 'English Language', 'A+'),
('TS4031', '2018/ICTS/31', 'TICT1114', 'Essentials of ICT', 'A+'),
('TS4031', '2018/ICTS/31', 'TICT1123', 'Mathematics For Technology', 'A+'),
('TS4031', '2018/ICTS/31', 'TICT1134', 'Fundamentals of Comuter Programming', 'A+'),
('TS4031', '2018/ICTS/31', 'TICT1142', 'Fundamentals of Computer Programming', 'A+'),
('TS4031', '2018/ICTS/31', 'TICT1152', 'Principles of Management', 'A+'),
('TS4031', '2018/ICTS/31', 'TICT2113', 'Data Structures and Algorithmn', 'A+'),
('TS4031', '2018/ICTS/31', 'TICT2122', 'Statistic For Technology', 'A+'),
('TS4031', '2018/ICTS/31', 'TICT2134', 'Advanced Computer Programming', 'A+'),
('TS4031', '2018/ICTS/31', 'TICT3123', 'Advanced Database Management System', 'A+'),
('TS4031', '2018/ICTS/31', 'TICT3232', 'Software and Quality Assurance', 'A+'),
('TS4031', '2018/ICTS/31', 'TICT3262', 'Distributed Systems', 'A+'),
('TS4032', '2018/ICTS/32', 'AUX1113', 'English Language', 'A+'),
('TS4030', '2018/ICTS/32', 'TICT1114', 'Essentials of ICT', 'A+'),
('TS4030', '2018/ICTS/32', 'TICT1123', 'Mathematics For Technology', 'A+'),
('TS4032', '2018/ICTS/32', 'TICT1134', 'Fundamentals of Comuter Programming', 'A+'),
('TS4032', '2018/ICTS/32', 'TICT1142', 'Fundamentals of Computer Programming', 'A+'),
('TS4032', '2018/ICTS/32', 'TICT1152', 'Principles of Management', 'A+'),
('TS4032', '2018/ICTS/32', 'TICT2113', 'Data Structures and Algorithmn', 'A+'),
('TS4032', '2018/ICTS/32', 'TICT2122', 'Statistic For Technology', 'A+'),
('TS4032', '2018/ICTS/32', 'TICT2134', 'Advanced Computer Programming', 'A+'),
('TS4030', '2018/ICTS/32', 'TICT3123', 'Advanced Database Management System', 'A+'),
('TS4032', '2018/ICTS/32', 'TICT3232', 'Software and Quality Assurance', 'A+'),
('TS4032', '2018/ICTS/32', 'TICT3262', 'Distributed Systems', 'A+'),
('TS4033', '2018/ICTS/33', 'AUX1113', 'English Language', 'A+'),
('TS4033', '2018/ICTS/33', 'TICT1114', 'Essentials of ICT', 'A+'),
('TS4033', '2018/ICTS/33', 'TICT1123', 'Mathematics For Technology', 'A+'),
('TS4033', '2018/ICTS/33', 'TICT1134', 'Fundamentals of Comuter Programming', 'A+'),
('TS4033', '2018/ICTS/33', 'TICT1142', 'Fundamentals of Computer Programming', 'A+'),
('TS4033', '2018/ICTS/33', 'TICT1152', 'Principles of Management', 'A+'),
('TS4033', '2018/ICTS/33', 'TICT2113', 'Data Structures and Algorithmn', 'A+'),
('TS4033', '2018/ICTS/33', 'TICT2122', 'Statistic For Technology', 'A+'),
('TS4033', '2018/ICTS/33', 'TICT2134', 'Advanced Computer Programming', 'A+'),
('TS4033', '2018/ICTS/33', 'TICT3123', 'Advanced Database Management System', 'A+'),
('TS4033', '2018/ICTS/33', 'TICT3232', 'Software and Quality Assurance', 'A+'),
('TS4033', '2018/ICTS/33', 'TICT3262', 'Distributed Systems', 'A+'),
('TS4034', '2018/ICTS/34', 'AUX1113', 'English Language', 'A+'),
('TS4034', '2018/ICTS/34', 'TICT1114', 'Essentials of ICT', 'A+'),
('TS4034', '2018/ICTS/34', 'TICT1123', 'Mathematics For Technology', 'A+'),
('TS4034', '2018/ICTS/34', 'TICT1134', 'Fundamentals of Comuter Programming', 'A+'),
('TS4034', '2018/ICTS/34', 'TICT1142', 'Fundamentals of Computer Programming', 'A+'),
('TS4034', '2018/ICTS/34', 'TICT1152', 'Principles of Management', 'A+'),
('TS4034', '2018/ICTS/34', 'TICT2134', 'Advanced Computer Programming', 'A+'),
('TS4035', '2018/ICTS/35', 'AUX1113', 'English Language', 'A+'),
('TS4035', '2018/ICTS/35', 'TICT1114', 'Essentials of ICT', 'A+'),
('TS4035', '2018/ICTS/35', 'TICT1123', 'Mathematics For Technology', 'A+'),
('TS4035', '2018/ICTS/35', 'TICT1134', 'Fundamentals of Comuter Programming', 'A+'),
('TS4035', '2018/ICTS/35', 'TICT1142', 'Fundamentals of Computer Programming', 'A+'),
('TS4035', '2018/ICTS/35', 'TICT1152', 'Principles of Management', 'A+'),
('TS4035', '2018/ICTS/35', 'TICT2113', 'Data Structures and Algorithmn', 'A+'),
('TS4035', '2018/ICTS/35', 'TICT2122', 'Statistic For Technology', 'A+'),
('TS4035', '2018/ICTS/35', 'TICT2134', 'Advanced Computer Programming', 'A+'),
('TS4035', '2018/ICTS/35', 'TICT3123', 'Advanced Database Management System', 'A+'),
('TS4035', '2018/ICTS/35', 'TICT3232', 'Software and Quality Assurance', 'A+'),
('TS4035', '2018/ICTS/35', 'TICT3262', 'Distributed Systems', 'A+'),
('TS4036', '2018/ICTS/36', 'AUX1113', 'English Language', 'A+'),
('TS4032', '2018/ICTS/36', 'TICT1114', 'Essentials of ICT', 'A+'),
('TS4032', '2018/ICTS/36', 'TICT1123', 'Mathematics For Technology', 'A+'),
('TS4036', '2018/ICTS/36', 'TICT1134', 'Fundamentals of Comuter Programming', 'A+'),
('TS4036', '2018/ICTS/36', 'TICT1142', 'Fundamentals of Computer Programming', 'A+'),
('TS4036', '2018/ICTS/36', 'TICT1152', 'Principles of Management', 'A+'),
('TS4036', '2018/ICTS/36', 'TICT2113', 'Data Structures and Algorithmn', 'A+'),
('TS4036', '2018/ICTS/36', 'TICT2122', 'Statistic For Technology', 'A+'),
('TS4036', '2018/ICTS/36', 'TICT2134', 'Advanced Computer Programming', 'A+'),
('TS4032', '2018/ICTS/36', 'TICT3123', 'Advanced Database Management System', 'A+'),
('TS4036', '2018/ICTS/36', 'TICT3232', 'Software and Quality Assurance', 'A+'),
('TS4036', '2018/ICTS/36', 'TICT3262', 'Distributed Systems', 'A+'),
('TS4037', '2018/ICTS/37', 'AUX1113', 'English Language', 'A+'),
('TS4037', '2018/ICTS/37', 'TICT1114', 'Essentials of ICT', 'A+'),
('TS4037', '2018/ICTS/37', 'TICT1123', 'Mathematics For Technology', 'A+'),
('TS4037', '2018/ICTS/37', 'TICT1134', 'Fundamentals of Comuter Programming', 'A+'),
('TS4037', '2018/ICTS/37', 'TICT1142', 'Fundamentals of Computer Programming', 'A+'),
('TS4037', '2018/ICTS/37', 'TICT1152', 'Principles of Management', 'A+'),
('TS4037', '2018/ICTS/37', 'TICT2113', 'Data Structures and Algorithmn', 'A+'),
('TS4037', '2018/ICTS/37', 'TICT2122', 'Statistic For Technology', 'A+'),
('TS4037', '2018/ICTS/37', 'TICT2134', 'Advanced Computer Programming', 'A+'),
('TS4037', '2018/ICTS/37', 'TICT3123', 'Advanced Database Management System', 'A+'),
('TS4037', '2018/ICTS/37', 'TICT3232', 'Software and Quality Assurance', 'A+'),
('TS4037', '2018/ICTS/37', 'TICT3262', 'Distributed Systems', 'A+'),
('TS4038', '2018/ICTS/38', 'AUX1113', 'English Language', 'A+'),
('TS4038', '2018/ICTS/38', 'TICT1114', 'Essentials of ICT', 'A+'),
('TS4038', '2018/ICTS/38', 'TICT1123', 'Mathematics For Technology', 'A+'),
('TS4038', '2018/ICTS/38', 'TICT1134', 'Fundamentals of Comuter Programming', 'A+'),
('TS4038', '2018/ICTS/38', 'TICT1142', 'Fundamentals of Computer Programming', 'A+'),
('TS4038', '2018/ICTS/38', 'TICT1152', 'Principles of Management', 'A+'),
('TS4038', '2018/ICTS/38', 'TICT2134', 'Advanced Computer Programming', 'A+'),
('TS4039', '2018/ICTS/39', 'AUX1113', 'English Language', 'A+'),
('TS4039', '2018/ICTS/39', 'TICT1114', 'Essentials of ICT', 'A+'),
('TS4039', '2018/ICTS/39', 'TICT1123', 'Mathematics For Technology', 'A+'),
('TS4039', '2018/ICTS/39', 'TICT1134', 'Fundamentals of Comuter Programming', 'A+'),
('TS4039', '2018/ICTS/39', 'TICT1142', 'Fundamentals of Computer Programming', 'A+'),
('TS4039', '2018/ICTS/39', 'TICT1152', 'Principles of Management', 'A+'),
('TS4039', '2018/ICTS/39', 'TICT2113', 'Data Structures and Algorithmn', 'A+'),
('TS4039', '2018/ICTS/39', 'TICT2122', 'Statistic For Technology', 'A+'),
('TS4039', '2018/ICTS/39', 'TICT2134', 'Advanced Computer Programming', 'A+'),
('TS4039', '2018/ICTS/39', 'TICT3123', 'Advanced Database Management System', 'A+'),
('TS4039', '2018/ICTS/39', 'TICT3232', 'Software and Quality Assurance', 'A+'),
('TS4039', '2018/ICTS/39', 'TICT3262', 'Distributed Systems', 'A+'),
('TS4040', '2018/ICTS/40', 'AUX1113', 'English Language', 'A+'),
('TS4040', '2018/ICTS/40', 'TICT1114', 'Essentials of ICT', 'A+'),
('TS4040', '2018/ICTS/40', 'TICT1123', 'Mathematics For Technology', 'A+'),
('TS4040', '2018/ICTS/40', 'TICT1134', 'Fundamentals of Comuter Programming', 'A+'),
('TS4040', '2018/ICTS/40', 'TICT1142', 'Fundamentals of Computer Programming', 'A+'),
('TS4040', '2018/ICTS/40', 'TICT1152', 'Principles of Management', 'A+'),
('TS4040', '2018/ICTS/40', 'TICT2134', 'Advanced Computer Programming', 'A+'),
('TS4041', '2018/ICTS/41', 'AUX1113', 'English Language', 'A+'),
('TS4041', '2018/ICTS/41', 'TICT1114', 'Essentials of ICT', 'A+'),
('TS4041', '2018/ICTS/41', 'TICT1123', 'Mathematics For Technology', 'A+'),
('TS4041', '2018/ICTS/41', 'TICT1134', 'Fundamentals of Comuter Programming', 'A+'),
('TS4041', '2018/ICTS/41', 'TICT1142', 'Fundamentals of Computer Programming', 'A+'),
('TS4041', '2018/ICTS/41', 'TICT1152', 'Principles of Management', 'A+'),
('TS4041', '2018/ICTS/41', 'TICT2113', 'Data Structures and Algorithmn', 'A+'),
('TS4041', '2018/ICTS/41', 'TICT2122', 'Statistic For Technology', 'A+'),
('TS4041', '2018/ICTS/41', 'TICT2134', 'Advanced Computer Programming', 'A+'),
('TS4041', '2018/ICTS/41', 'TICT3123', 'Advanced Database Management System', 'A+'),
('TS4041', '2018/ICTS/41', 'TICT3232', 'Software and Quality Assurance', 'A+'),
('TS4041', '2018/ICTS/41', 'TICT3262', 'Distributed Systems', 'A+'),
('TS4042', '2018/ICTS/42', 'AUX1113', 'English Language', 'A+'),
('TS4042', '2018/ICTS/42', 'TICT1114', 'Essentials of ICT', 'A+'),
('TS4042', '2018/ICTS/42', 'TICT1123', 'Mathematics For Technology', 'A+'),
('TS4042', '2018/ICTS/42', 'TICT1134', 'Fundamentals of Comuter Programming', 'A+'),
('TS4042', '2018/ICTS/42', 'TICT1142', 'Fundamentals of Computer Programming', 'A+'),
('TS4042', '2018/ICTS/42', 'TICT1152', 'Principles of Management', 'A+'),
('TS4042', '2018/ICTS/42', 'TICT2113', 'Data Structures and Algorithmn', 'A+'),
('TS4042', '2018/ICTS/42', 'TICT2122', 'Statistic For Technology', 'A+'),
('TS4042', '2018/ICTS/42', 'TICT2134', 'Advanced Computer Programming', 'A+'),
('TS4042', '2018/ICTS/42', 'TICT3123', 'Advanced Database Management System', 'A+'),
('TS4042', '2018/ICTS/42', 'TICT3232', 'Software and Quality Assurance', 'A+'),
('TS4042', '2018/ICTS/42', 'TICT3262', 'Distributed Systems', 'A+'),
('TS4043', '2018/ICTS/43', 'AUX1113', 'English Language', 'A+'),
('TS4043', '2018/ICTS/43', 'TICT1114', 'Essentials of ICT', 'A+'),
('TS4043', '2018/ICTS/43', 'TICT1123', 'Mathematics For Technology', 'A+'),
('TS4043', '2018/ICTS/43', 'TICT1134', 'Fundamentals of Comuter Programming', 'A+'),
('TS4043', '2018/ICTS/43', 'TICT1142', 'Fundamentals of Computer Programming', 'A+'),
('TS4043', '2018/ICTS/43', 'TICT1152', 'Principles of Management', 'A+'),
('TS4043', '2018/ICTS/43', 'TICT2134', 'Advanced Computer Programming', 'A+'),
('TS4044', '2018/ICTS/44', 'AUX1113', 'English Language', 'A+'),
('TS4044', '2018/ICTS/44', 'TICT1114', 'Essentials of ICT', 'A+'),
('TS4044', '2018/ICTS/44', 'TICT1123', 'Mathematics For Technology', 'A+'),
('TS4044', '2018/ICTS/44', 'TICT1134', 'Fundamentals of Comuter Programming', 'A+'),
('TS4044', '2018/ICTS/44', 'TICT1142', 'Fundamentals of Computer Programming', 'A+'),
('TS4044', '2018/ICTS/44', 'TICT1152', 'Principles of Management', 'A+'),
('TS4044', '2018/ICTS/44', 'TICT2134', 'Advanced Computer Programming', 'A+'),
('TS4045', '2018/ICTS/45', 'AUX1113', 'English Language', 'A+'),
('TS4045', '2018/ICTS/45', 'TICT1114', 'Essentials of ICT', 'A+'),
('TS4045', '2018/ICTS/45', 'TICT1123', 'Mathematics For Technology', 'A+'),
('TS4045', '2018/ICTS/45', 'TICT1134', 'Fundamentals of Comuter Programming', 'A+'),
('TS4045', '2018/ICTS/45', 'TICT1142', 'Fundamentals of Computer Programming', 'A+'),
('TS4045', '2018/ICTS/45', 'TICT1152', 'Principles of Management', 'A+'),
('TS4045', '2018/ICTS/45', 'TICT2134', 'Advanced Computer Programming', 'A+'),
('TS4046', '2018/ICTS/46', 'AUX1113', 'English Language', 'A+'),
('TS4042', '2018/ICTS/46', 'TICT1114', 'Essentials of ICT', 'A+'),
('TS4042', '2018/ICTS/46', 'TICT1123', 'Mathematics For Technology', 'A+'),
('TS4046', '2018/ICTS/46', 'TICT1134', 'Fundamentals of Comuter Programming', 'A+'),
('TS4046', '2018/ICTS/46', 'TICT1142', 'Fundamentals of Computer Programming', 'A+'),
('TS4046', '2018/ICTS/46', 'TICT1152', 'Principles of Management', 'A+'),
('TS4042', '2018/ICTS/46', 'TICT2113', 'Data Structures and Algorithmn', 'A+'),
('TS4042', '2018/ICTS/46', 'TICT2122', 'Statistic For Technology', 'A+'),
('TS4042', '2018/ICTS/46', 'TICT2134', 'Advanced Computer Programming', 'A+'),
('TS4042', '2018/ICTS/46', 'TICT3123', 'Advanced Database Management System', 'A+'),
('TS4042', '2018/ICTS/46', 'TICT3232', 'Software and Quality Assurance', 'A+'),
('TS4042', '2018/ICTS/46', 'TICT3262', 'Distributed Systems', 'A+'),
('TS4047', '2018/ICTS/47', 'AUX1113', 'English Language', 'A+'),
('TS4047', '2018/ICTS/47', 'TICT1114', 'Essentials of ICT', 'A+'),
('TS4047', '2018/ICTS/47', 'TICT1123', 'Mathematics For Technology', 'A+'),
('TS4047', '2018/ICTS/47', 'TICT1134', 'Fundamentals of Comuter Programming', 'A+'),
('TS4047', '2018/ICTS/47', 'TICT1142', 'Fundamentals of Computer Programming', 'A+'),
('TS4047', '2018/ICTS/47', 'TICT1152', 'Principles of Management', 'A+'),
('TS4047', '2018/ICTS/47', 'TICT2134', 'Advanced Computer Programming', 'A+'),
('TS4048', '2018/ICTS/48', 'AUX1113', 'English Language', 'A+'),
('TS4048', '2018/ICTS/48', 'TICT1114', 'Essentials of ICT', 'A+'),
('TS4048', '2018/ICTS/48', 'TICT1123', 'Mathematics For Technology', 'A+'),
('TS4048', '2018/ICTS/48', 'TICT1134', 'Fundamentals of Comuter Programming', 'A+'),
('TS4048', '2018/ICTS/48', 'TICT1142', 'Fundamentals of Computer Programming', 'A+'),
('TS4048', '2018/ICTS/48', 'TICT1152', 'Principles of Management', 'A+'),
('TS4048', '2018/ICTS/48', 'TICT2134', 'Advanced Computer Programming', 'A+'),
('TS4049', '2018/ICTS/49', 'AUX1113', 'English Language', 'A+'),
('TS4049', '2018/ICTS/49', 'TICT1114', 'Essentials of ICT', 'A+'),
('TS4049', '2018/ICTS/49', 'TICT1123', 'Mathematics For Technology', 'A+'),
('TS4049', '2018/ICTS/49', 'TICT1134', 'Fundamentals of Comuter Programming', 'A+'),
('TS4049', '2018/ICTS/49', 'TICT1142', 'Fundamentals of Computer Programming', 'A+'),
('TS4049', '2018/ICTS/49', 'TICT1152', 'Principles of Management', 'A+'),
('TS4049', '2018/ICTS/49', 'TICT2134', 'Advanced Computer Programming', 'A+'),
('TS4050', '2018/ICTS/50', 'AUX1113', 'English Language', 'A+'),
('TS4050', '2018/ICTS/50', 'TICT1114', 'Essentials of ICT', 'A+'),
('TS4050', '2018/ICTS/50', 'TICT1123', 'Mathematics For Technology', 'A+'),
('TS4050', '2018/ICTS/50', 'TICT1134', 'Fundamentals of Comuter Programming', 'A+'),
('TS4050', '2018/ICTS/50', 'TICT1142', 'Fundamentals of Computer Programming', 'A+'),
('TS4050', '2018/ICTS/50', 'TICT1152', 'Principles of Management', 'A+'),
('TS4050', '2018/ICTS/50', 'TICT2134', 'Advanced Computer Programming', 'A+'),
('TS4051', '2018/ICTS/51', 'AUX1113', 'English Language', 'A+'),
('TS4051', '2018/ICTS/51', 'TICT1114', 'Essentials of ICT', 'A+'),
('TS4051', '2018/ICTS/51', 'TICT1123', 'Mathematics For Technology', 'A+'),
('TS4051', '2018/ICTS/51', 'TICT1134', 'Fundamentals of Comuter Programming', 'A+'),
('TS4051', '2018/ICTS/51', 'TICT1142', 'Fundamentals of Computer Programming', 'A+'),
('TS4051', '2018/ICTS/51', 'TICT1152', 'Principles of Management', 'A+'),
('TS4051', '2018/ICTS/51', 'TICT2134', 'Advanced Computer Programming', 'A+'),
('TS4052', '2018/ICTS/52', 'AUX1113', 'English Language', 'A+'),
('TS4052', '2018/ICTS/52', 'TICT1114', 'Essentials of ICT', 'A+'),
('TS4052', '2018/ICTS/52', 'TICT1123', 'Mathematics For Technology', 'A+'),
('TS4052', '2018/ICTS/52', 'TICT1134', 'Fundamentals of Comuter Programming', 'A+'),
('TS4052', '2018/ICTS/52', 'TICT1142', 'Fundamentals of Computer Programming', 'A+'),
('TS4052', '2018/ICTS/52', 'TICT1152', 'Principles of Management', 'A+'),
('TS4052', '2018/ICTS/52', 'TICT2134', 'Advanced Computer Programming', 'A+'),
('TS4053', '2018/ICTS/53', 'AUX1113', 'English Language', 'A+'),
('TS4053', '2018/ICTS/53', 'TICT1114', 'Essentials of ICT', 'A+'),
('TS4053', '2018/ICTS/53', 'TICT1123', 'Mathematics For Technology', 'A+'),
('TS4053', '2018/ICTS/53', 'TICT1134', 'Fundamentals of Comuter Programming', 'A+'),
('TS4053', '2018/ICTS/53', 'TICT1142', 'Fundamentals of Computer Programming', 'A+'),
('TS4053', '2018/ICTS/53', 'TICT1152', 'Principles of Management', 'A+'),
('TS4053', '2018/ICTS/53', 'TICT2134', 'Advanced Computer Programming', 'A+'),
('TS4054', '2018/ICTS/54', 'AUX1113', 'English Language', 'A+'),
('TS4054', '2018/ICTS/54', 'TICT1114', 'Essentials of ICT', 'A+'),
('TS4054', '2018/ICTS/54', 'TICT1123', 'Mathematics For Technology', 'A+'),
('TS4054', '2018/ICTS/54', 'TICT1134', 'Fundamentals of Comuter Programming', 'A+'),
('TS4054', '2018/ICTS/54', 'TICT1142', 'Fundamentals of Computer Programming', 'A+'),
('TS4054', '2018/ICTS/54', 'TICT1152', 'Principles of Management', 'A+'),
('TS4054', '2018/ICTS/54', 'TICT2134', 'Advanced Computer Programming', 'A+'),
('TS4055', '2018/ICTS/55', 'AUX1113', 'English Language', 'A+'),
('TS4055', '2018/ICTS/55', 'TICT1114', 'Essentials of ICT', 'A+'),
('TS4055', '2018/ICTS/55', 'TICT1123', 'Mathematics For Technology', 'A+'),
('TS4055', '2018/ICTS/55', 'TICT1134', 'Fundamentals of Comuter Programming', 'A+'),
('TS4055', '2018/ICTS/55', 'TICT1142', 'Fundamentals of Computer Programming', 'A+'),
('TS4055', '2018/ICTS/55', 'TICT1152', 'Principles of Management', 'A+'),
('TS4055', '2018/ICTS/55', 'TICT2134', 'Advanced Computer Programming', 'A+'),
('TS4056', '2018/ICTS/56', 'AUX1113', 'English Language', 'A+'),
('TS4056', '2018/ICTS/56', 'TICT1114', 'Essentials of ICT', 'A+'),
('TS4056', '2018/ICTS/56', 'TICT1123', 'Mathematics For Technology', 'A+'),
('TS4056', '2018/ICTS/56', 'TICT1134', 'Fundamentals of Comuter Programming', 'A+'),
('TS4056', '2018/ICTS/56', 'TICT1142', 'Fundamentals of Computer Programming', 'A+'),
('TS4056', '2018/ICTS/56', 'TICT1152', 'Principles of Management', 'A+'),
('TS4056', '2018/ICTS/56', 'TICT2134', 'Advanced Computer Programming', 'A+'),
('TS4057', '2018/ICTS/57', 'AUX1113', 'English Language', 'A+'),
('TS4057', '2018/ICTS/57', 'TICT1114', 'Essentials of ICT', 'A+'),
('TS4057', '2018/ICTS/57', 'TICT1123', 'Mathematics For Technology', 'A+'),
('TS4057', '2018/ICTS/57', 'TICT1134', 'Fundamentals of Comuter Programming', 'A+'),
('TS4057', '2018/ICTS/57', 'TICT1142', 'Fundamentals of Computer Programming', 'A+'),
('TS4057', '2018/ICTS/57', 'TICT1152', 'Principles of Management', 'A+'),
('TS4057', '2018/ICTS/57', 'TICT2134', 'Advanced Computer Programming', 'A+'),
('TS4058', '2018/ICTS/58', 'AUX1113', 'English Language', 'A+'),
('TS4058', '2018/ICTS/58', 'TICT1114', 'Essentials of ICT', 'A+'),
('TS4058', '2018/ICTS/58', 'TICT1123', 'Mathematics For Technology', 'A+'),
('TS4058', '2018/ICTS/58', 'TICT1134', 'Fundamentals of Comuter Programming', 'A+'),
('TS4058', '2018/ICTS/58', 'TICT1142', 'Fundamentals of Computer Programming', 'A+'),
('TS4058', '2018/ICTS/58', 'TICT1152', 'Principles of Management', 'A+'),
('TS4058', '2018/ICTS/58', 'TICT2134', 'Advanced Computer Programming', 'A+'),
('TS4059', '2018/ICTS/59', 'AUX1113', 'English Language', 'A+'),
('TS4059', '2018/ICTS/59', 'TICT1114', 'Essentials of ICT', 'A+'),
('TS4059', '2018/ICTS/59', 'TICT1123', 'Mathematics For Technology', 'A+'),
('TS4059', '2018/ICTS/59', 'TICT1134', 'Fundamentals of Comuter Programming', 'A+'),
('TS4059', '2018/ICTS/59', 'TICT1142', 'Fundamentals of Computer Programming', 'A+'),
('TS4059', '2018/ICTS/59', 'TICT1152', 'Principles of Management', 'A+'),
('TS4059', '2018/ICTS/59', 'TICT2134', 'Advanced Computer Programming', 'A+'),
('TS4060', '2018/ICTS/60', 'AUX1113', 'English Language', 'A+'),
('TS4060', '2018/ICTS/60', 'TICT1114', 'Essentials of ICT', 'A+'),
('TS4060', '2018/ICTS/60', 'TICT1123', 'Mathematics For Technology', 'A+'),
('TS4060', '2018/ICTS/60', 'TICT1134', 'Fundamentals of Comuter Programming', 'A+'),
('TS4060', '2018/ICTS/60', 'TICT1142', 'Fundamentals of Computer Programming', 'A+'),
('TS4060', '2018/ICTS/60', 'TICT1152', 'Principles of Management', 'A+'),
('TS4060', '2018/ICTS/60', 'TICT2134', 'Advanced Computer Programming', 'A+'),
('TS4061', '2018/ICTS/61', 'AUX1113', 'English Language', 'A+'),
('TS4061', '2018/ICTS/61', 'TICT1114', 'Essentials of ICT', 'A+'),
('TS4061', '2018/ICTS/61', 'TICT1123', 'Mathematics For Technology', 'A+'),
('TS4061', '2018/ICTS/61', 'TICT1134', 'Fundamentals of Comuter Programming', 'A+'),
('TS4061', '2018/ICTS/61', 'TICT1142', 'Fundamentals of Computer Programming', 'A+'),
('TS4061', '2018/ICTS/61', 'TICT1152', 'Principles of Management', 'A+'),
('TS4061', '2018/ICTS/61', 'TICT2134', 'Advanced Computer Programming', 'A+'),
('TS4062', '2018/ICTS/62', 'AUX1113', 'English Language', 'A+'),
('TS4062', '2018/ICTS/62', 'TICT1114', 'Essentials of ICT', 'A+'),
('TS4062', '2018/ICTS/62', 'TICT1123', 'Mathematics For Technology', 'A+'),
('TS4062', '2018/ICTS/62', 'TICT1134', 'Fundamentals of Comuter Programming', 'A+'),
('TS4062', '2018/ICTS/62', 'TICT1142', 'Fundamentals of Computer Programming', 'A+'),
('TS4062', '2018/ICTS/62', 'TICT1152', 'Principles of Management', 'A+'),
('TS4062', '2018/ICTS/62', 'TICT2134', 'Advanced Computer Programming', 'A+'),
('TS4063', '2018/ICTS/63', 'AUX1113', 'English Language', 'A+'),
('TS4063', '2018/ICTS/63', 'TICT1114', 'Essentials of ICT', 'A+'),
('TS4063', '2018/ICTS/63', 'TICT1123', 'Mathematics For Technology', 'A+'),
('TS4063', '2018/ICTS/63', 'TICT1134', 'Fundamentals of Comuter Programming', 'A+'),
('TS4063', '2018/ICTS/63', 'TICT1142', 'Fundamentals of Computer Programming', 'A+'),
('TS4063', '2018/ICTS/63', 'TICT1152', 'Principles of Management', 'A+'),
('TS4063', '2018/ICTS/63', 'TICT2134', 'Advanced Computer Programming', 'A+'),
('TS4064', '2018/ICTS/64', 'AUX1113', 'English Language', 'A+'),
('TS4064', '2018/ICTS/64', 'TICT1114', 'Essentials of ICT', 'A+'),
('TS4064', '2018/ICTS/64', 'TICT1123', 'Mathematics For Technology', 'A+'),
('TS4064', '2018/ICTS/64', 'TICT1134', 'Fundamentals of Comuter Programming', 'A+'),
('TS4064', '2018/ICTS/64', 'TICT1142', 'Fundamentals of Computer Programming', 'A+'),
('TS4064', '2018/ICTS/64', 'TICT1152', 'Principles of Management', 'A+'),
('TS4064', '2018/ICTS/64', 'TICT2134', 'Advanced Computer Programming', 'A+'),
('TS4065', '2018/ICTS/65', 'AUX1113', 'English Language', 'A+'),
('TS4065', '2018/ICTS/65', 'TICT1114', 'Essentials of ICT', 'A+'),
('TS4065', '2018/ICTS/65', 'TICT1123', 'Mathematics For Technology', 'A+'),
('TS4065', '2018/ICTS/65', 'TICT1134', 'Fundamentals of Comuter Programming', 'A+'),
('TS4065', '2018/ICTS/65', 'TICT1142', 'Fundamentals of Computer Programming', 'A+'),
('TS4065', '2018/ICTS/65', 'TICT1152', 'Principles of Management', 'A+'),
('TS4065', '2018/ICTS/65', 'TICT2134', 'Advanced Computer Programming', 'A+'),
('TS4066', '2018/ICTS/66', 'AUX1113', 'English Language', 'A+'),
('TS4066', '2018/ICTS/66', 'TICT1114', 'Essentials of ICT', 'A+'),
('TS4066', '2018/ICTS/66', 'TICT1123', 'Mathematics For Technology', 'A+'),
('TS4066', '2018/ICTS/66', 'TICT1134', 'Fundamentals of Comuter Programming', 'A+'),
('TS4066', '2018/ICTS/66', 'TICT1142', 'Fundamentals of Computer Programming', 'A+'),
('TS4066', '2018/ICTS/66', 'TICT1152', 'Principles of Management', 'A+'),
('TS4066', '2018/ICTS/66', 'TICT2134', 'Advanced Computer Programming', 'A+'),
('TS4067', '2018/ICTS/67', 'AUX1113', 'English Language', 'A+'),
('TS4060', '2018/ICTS/67', 'TICT1114', 'Essentials of ICT', 'A+'),
('TS4060', '2018/ICTS/67', 'TICT1123', 'Mathematics For Technology', 'A+'),
('TS4067', '2018/ICTS/67', 'TICT1134', 'Fundamentals of Comuter Programming', 'A+'),
('TS4067', '2018/ICTS/67', 'TICT1142', 'Fundamentals of Computer Programming', 'A+'),
('TS4067', '2018/ICTS/67', 'TICT1152', 'Principles of Management', 'A+'),
('TS4060', '2018/ICTS/67', 'TICT2113', 'Data Structures and Algorithmn', 'A+'),
('TS4060', '2018/ICTS/67', 'TICT2122', 'Statistic For Technology', 'A+'),
('TS4060', '2018/ICTS/67', 'TICT2134', 'Advanced Computer Programming', 'A+'),
('TS4060', '2018/ICTS/67', 'TICT3123', 'Advanced Database Management System', 'A+'),
('TS4060', '2018/ICTS/67', 'TICT3232', 'Software and Quality Assurance', 'A+'),
('TS4060', '2018/ICTS/67', 'TICT3262', 'Distributed Systems', 'A+'),
('TS4068', '2018/ICTS/68', 'AUX1113', 'English Language', 'A+');
INSERT INTO `result` (`index_no`, `reg_no`, `subject_code`, `sub_name`, `grade`) VALUES
('TS4068', '2018/ICTS/68', 'TICT1114', 'Essentials of ICT', 'A+'),
('TS4068', '2018/ICTS/68', 'TICT1123', 'Mathematics For Technology', 'A+'),
('TS4068', '2018/ICTS/68', 'TICT1134', 'Fundamentals of Comuter Programming', 'A+'),
('TS4068', '2018/ICTS/68', 'TICT1142', 'Fundamentals of Computer Programming', 'A+'),
('TS4068', '2018/ICTS/68', 'TICT1152', 'Principles of Management', 'A+'),
('TS4068', '2018/ICTS/68', 'TICT2134', 'Advanced Computer Programming', 'A+'),
('TS4069', '2018/ICTS/69', 'AUX1113', 'English Language', 'A+'),
('TS4069', '2018/ICTS/69', 'TICT1114', 'Essentials of ICT', 'A+'),
('TS4069', '2018/ICTS/69', 'TICT1123', 'Mathematics For Technology', 'A+'),
('TS4069', '2018/ICTS/69', 'TICT1134', 'Fundamentals of Comuter Programming', 'A+'),
('TS4069', '2018/ICTS/69', 'TICT1142', 'Fundamentals of Computer Programming', 'A+'),
('TS4069', '2018/ICTS/69', 'TICT1152', 'Principles of Management', 'A+'),
('TS4069', '2018/ICTS/69', 'TICT2134', 'Advanced Computer Programming', 'A+'),
('TS4070', '2018/ICTS/70', 'AUX1113', 'English Language', 'A+'),
('TS4070', '2018/ICTS/70', 'TICT1114', 'Essentials of ICT', 'A+'),
('TS4070', '2018/ICTS/70', 'TICT1123', 'Mathematics For Technology', 'A+'),
('TS4070', '2018/ICTS/70', 'TICT1134', 'Fundamentals of Comuter Programming', 'A+'),
('TS4070', '2018/ICTS/70', 'TICT1142', 'Fundamentals of Computer Programming', 'A+'),
('TS4070', '2018/ICTS/70', 'TICT1152', 'Principles of Management', 'A+'),
('TS4070', '2018/ICTS/70', 'TICT2134', 'Advanced Computer Programming', 'A+'),
('TS4071', '2018/ICTS/71', 'AUX1113', 'English Language', 'A+'),
('TS4071', '2018/ICTS/71', 'TICT1114', 'Essentials of ICT', 'A+'),
('TS4071', '2018/ICTS/71', 'TICT1123', 'Mathematics For Technology', 'A+'),
('TS4071', '2018/ICTS/71', 'TICT1134', 'Fundamentals of Comuter Programming', 'A+'),
('TS4071', '2018/ICTS/71', 'TICT1142', 'Fundamentals of Computer Programming', 'A+'),
('TS4071', '2018/ICTS/71', 'TICT1152', 'Principles of Management', 'A+'),
('TS4071', '2018/ICTS/71', 'TICT2134', 'Advanced Computer Programming', 'A+'),
('TS4071', '2018/ICTS/78', 'TICT1114', 'Essentials of ICT', ''),
('TS4071', '2018/ICTS/78', 'TICT1123', 'Mathematics For Technology', ''),
('TS4071', '2018/ICTS/78', 'TICT2113', 'Data Structures and Algorithmn', ''),
('TS4071', '2018/ICTS/78', 'TICT2122', 'Statistic For Technology', ''),
('TS4071', '2018/ICTS/78', 'TICT2134', 'Advanced Computer Programming', ''),
('TS4071', '2018/ICTS/78', 'TICT3123', 'Advanced Database Management System', ''),
('TS4071', '2018/ICTS/78', 'TICT3232', 'Software and Quality Assurance', ''),
('TS4071', '2018/ICTS/78', 'TICT3262', 'Distributed Systems', ''),
('TS3001', '2019/ICTS/01', 'AUX1113', 'English Language', 'C'),
('TS3001', '2019/ICTS/01', 'TICT1114', 'Essentials of ICT', 'C'),
('TS3001', '2019/ICTS/01', 'TICT1123', 'Mathematics For Technology', 'C'),
('TS3001', '2019/ICTS/01', 'TICT1134', 'Fundamentals of Comuter Programming', 'C'),
('TS3001', '2019/ICTS/01', 'TICT1142', 'Fundamentals of Computer Programming', 'C'),
('TS3001', '2019/ICTS/01', 'TICT1152', 'Principles of Management', 'C'),
('TS3001', '2019/ICTS/01', 'TICT1212', 'Discrete Structures', 'C'),
('TS3001', '2019/ICTS/01', 'TICT1224', 'Object Oriental Programmming', 'C'),
('TS3001', '2019/ICTS/01', 'TICT1233', 'Operating System', 'C'),
('TS3001', '2019/ICTS/01', 'TICT1243', 'Electronic and Digital Circuit Design', 'C'),
('TS3001', '2019/ICTS/01', 'TICT1252', 'Computational Engineering Drawwing', 'C'),
('TS3001', '2019/ICTS/01', 'TICT2113', 'Data Structures and Algorithmn', 'C'),
('TS3001', '2019/ICTS/01', 'TICT2134', 'Advanced Computer Programming', 'C'),
('TS5002', '2019/ICTS/02', 'AUX1113', 'English Language', 'A+'),
('TS5002', '2019/ICTS/02', 'TICT1114', 'Essentials of ICT', 'A+'),
('TS5002', '2019/ICTS/02', 'TICT1123', 'Mathematics For Technology', 'A+'),
('TS5002', '2019/ICTS/02', 'TICT1134', 'Fundamentals of Comuter Programming', 'A+'),
('TS5002', '2019/ICTS/02', 'TICT1142', 'Fundamentals of Computer Programming', 'A+'),
('TS5002', '2019/ICTS/02', 'TICT1152', 'Principles of Management', 'A+'),
('TS5002', '2019/ICTS/02', 'TICT1212', 'Discrete Structures', 'A+'),
('TS5002', '2019/ICTS/02', 'TICT1224', 'Object Oriental Programmming', 'A+'),
('TS5002', '2019/ICTS/02', 'TICT1233', 'Operating System', 'A+'),
('TS5002', '2019/ICTS/02', 'TICT1243', 'Electronic and Digital Circuit Design', 'A+'),
('TS5002', '2019/ICTS/02', 'TICT1252', 'Computational Engineering Drawwing', 'A+'),
('TS5002', '2019/ICTS/02', 'TICT2113', 'Data Structures and Algorithmn', 'A+'),
('TS5002', '2019/ICTS/02', 'TICT2134', 'Advanced Computer Programming', 'A+'),
('TS5003', '2019/ICTS/03', 'AUX1113', 'English Language', 'A+'),
('TS5003', '2019/ICTS/03', 'TICT1114', 'Essentials of ICT', 'A+'),
('TS5003', '2019/ICTS/03', 'TICT1123', 'Mathematics For Technology', 'A+'),
('TS5003', '2019/ICTS/03', 'TICT1134', 'Fundamentals of Comuter Programming', 'A+'),
('TS5003', '2019/ICTS/03', 'TICT1142', 'Fundamentals of Computer Programming', 'A+'),
('TS5003', '2019/ICTS/03', 'TICT1152', 'Principles of Management', 'A+'),
('TS5003', '2019/ICTS/03', 'TICT1212', 'Discrete Structures', 'A+'),
('TS5003', '2019/ICTS/03', 'TICT1224', 'Object Oriental Programmming', 'A+'),
('TS5003', '2019/ICTS/03', 'TICT1233', 'Operating System', 'A+'),
('TS5003', '2019/ICTS/03', 'TICT1243', 'Electronic and Digital Circuit Design', 'A+'),
('TS5003', '2019/ICTS/03', 'TICT1252', 'Computational Engineering Drawwing', 'A+'),
('TS5003', '2019/ICTS/03', 'TICT2113', 'Data Structures and Algorithmn', 'A+'),
('TS5003', '2019/ICTS/03', 'TICT2134', 'Advanced Computer Programming', 'A+'),
('TS5004', '2019/ICTS/04', 'AUX1113', 'English Language', 'A+'),
('TS5004', '2019/ICTS/04', 'TICT1114', 'Essentials of ICT', 'A+'),
('TS5004', '2019/ICTS/04', 'TICT1123', 'Mathematics For Technology', 'A+'),
('TS5004', '2019/ICTS/04', 'TICT1134', 'Fundamentals of Comuter Programming', 'A+'),
('TS5004', '2019/ICTS/04', 'TICT1142', 'Fundamentals of Computer Programming', 'A+'),
('TS5004', '2019/ICTS/04', 'TICT1152', 'Principles of Management', 'A+'),
('TS5004', '2019/ICTS/04', 'TICT1212', 'Discrete Structures', 'A+'),
('TS5004', '2019/ICTS/04', 'TICT1224', 'Object Oriental Programmming', 'A+'),
('TS5004', '2019/ICTS/04', 'TICT1233', 'Operating System', 'A+'),
('TS5004', '2019/ICTS/04', 'TICT1243', 'Electronic and Digital Circuit Design', 'A+'),
('TS5004', '2019/ICTS/04', 'TICT1252', 'Computational Engineering Drawwing', 'A+'),
('TS5004', '2019/ICTS/04', 'TICT2113', 'Data Structures and Algorithmn', 'A+'),
('TS5004', '2019/ICTS/04', 'TICT2134', 'Advanced Computer Programming', 'A+'),
('TS5005', '2019/ICTS/05', 'AUX1113', 'English Language', 'A+'),
('TS5005', '2019/ICTS/05', 'TICT1114', 'Essentials of ICT', 'A+'),
('TS5005', '2019/ICTS/05', 'TICT1123', 'Mathematics For Technology', 'A+'),
('TS5005', '2019/ICTS/05', 'TICT1134', 'Fundamentals of Comuter Programming', 'A+'),
('TS5005', '2019/ICTS/05', 'TICT1142', 'Fundamentals of Computer Programming', 'A+'),
('TS5005', '2019/ICTS/05', 'TICT1152', 'Principles of Management', 'A+'),
('TS5005', '2019/ICTS/05', 'TICT1212', 'Discrete Structures', 'A+'),
('TS5005', '2019/ICTS/05', 'TICT1224', 'Object Oriental Programmming', 'A+'),
('TS5005', '2019/ICTS/05', 'TICT1233', 'Operating System', 'A+'),
('TS5005', '2019/ICTS/05', 'TICT1243', 'Electronic and Digital Circuit Design', 'A+'),
('TS5005', '2019/ICTS/05', 'TICT1252', 'Computational Engineering Drawwing', 'A+'),
('TS5005', '2019/ICTS/05', 'TICT2113', 'Data Structures and Algorithmn', 'A+'),
('TS5005', '2019/ICTS/05', 'TICT2134', 'Advanced Computer Programming', 'A+'),
('TS5006', '2019/ICTS/06', 'AUX1113', 'English Language', 'A+'),
('TS5006', '2019/ICTS/06', 'TICT1114', 'Essentials of ICT', 'A+'),
('TS5006', '2019/ICTS/06', 'TICT1123', 'Mathematics For Technology', 'A+'),
('TS5006', '2019/ICTS/06', 'TICT1134', 'Fundamentals of Comuter Programming', 'A+'),
('TS5006', '2019/ICTS/06', 'TICT1142', 'Fundamentals of Computer Programming', 'A+'),
('TS5006', '2019/ICTS/06', 'TICT1152', 'Principles of Management', 'A+'),
('TS5006', '2019/ICTS/06', 'TICT1212', 'Discrete Structures', 'A+'),
('TS5006', '2019/ICTS/06', 'TICT1224', 'Object Oriental Programmming', 'A+'),
('TS5006', '2019/ICTS/06', 'TICT1233', 'Operating System', 'A+'),
('TS5006', '2019/ICTS/06', 'TICT1243', 'Electronic and Digital Circuit Design', 'A+'),
('TS5006', '2019/ICTS/06', 'TICT1252', 'Computational Engineering Drawwing', 'A+'),
('TS5006', '2019/ICTS/06', 'TICT2113', 'Data Structures and Algorithmn', 'A+'),
('TS5006', '2019/ICTS/06', 'TICT2134', 'Advanced Computer Programming', 'A+'),
('TS5007', '2019/ICTS/07', 'AUX1113', 'English Language', 'A+'),
('TS5007', '2019/ICTS/07', 'TICT1114', 'Essentials of ICT', 'A+'),
('TS5007', '2019/ICTS/07', 'TICT1123', 'Mathematics For Technology', 'A+'),
('TS5007', '2019/ICTS/07', 'TICT1134', 'Fundamentals of Comuter Programming', 'A+'),
('TS5007', '2019/ICTS/07', 'TICT1142', 'Fundamentals of Computer Programming', 'A+'),
('TS5007', '2019/ICTS/07', 'TICT1152', 'Principles of Management', 'A+'),
('TS5007', '2019/ICTS/07', 'TICT1212', 'Discrete Structures', 'A+'),
('TS5007', '2019/ICTS/07', 'TICT1224', 'Object Oriental Programmming', 'A+'),
('TS5007', '2019/ICTS/07', 'TICT1233', 'Operating System', 'A+'),
('TS5007', '2019/ICTS/07', 'TICT1243', 'Electronic and Digital Circuit Design', 'A+'),
('TS5007', '2019/ICTS/07', 'TICT1252', 'Computational Engineering Drawwing', 'A+'),
('TS5007', '2019/ICTS/07', 'TICT2113', 'Data Structures and Algorithmn', 'A+'),
('TS5007', '2019/ICTS/07', 'TICT2134', 'Advanced Computer Programming', 'A+'),
('TS5008', '2019/ICTS/08', 'AUX1113', 'English Language', 'A+'),
('TS5008', '2019/ICTS/08', 'TICT1114', 'Essentials of ICT', 'A+'),
('TS5008', '2019/ICTS/08', 'TICT1123', 'Mathematics For Technology', 'A+'),
('TS5008', '2019/ICTS/08', 'TICT1134', 'Fundamentals of Comuter Programming', 'A+'),
('TS5008', '2019/ICTS/08', 'TICT1142', 'Fundamentals of Computer Programming', 'A+'),
('TS5008', '2019/ICTS/08', 'TICT1152', 'Principles of Management', 'A+'),
('TS5008', '2019/ICTS/08', 'TICT1212', 'Discrete Structures', 'A+'),
('TS5008', '2019/ICTS/08', 'TICT1224', 'Object Oriental Programmming', 'A+'),
('TS5008', '2019/ICTS/08', 'TICT1233', 'Operating System', 'A+'),
('TS5008', '2019/ICTS/08', 'TICT1243', 'Electronic and Digital Circuit Design', 'A+'),
('TS5008', '2019/ICTS/08', 'TICT1252', 'Computational Engineering Drawwing', 'A+'),
('TS5008', '2019/ICTS/08', 'TICT2113', 'Data Structures and Algorithmn', 'A+'),
('TS5008', '2019/ICTS/08', 'TICT2134', 'Advanced Computer Programming', 'A+'),
('TS5009', '2019/ICTS/09', 'AUX1113', 'English Language', 'A+'),
('TS5009', '2019/ICTS/09', 'TICT1114', 'Essentials of ICT', 'A+'),
('TS5009', '2019/ICTS/09', 'TICT1123', 'Mathematics For Technology', 'A+'),
('TS5009', '2019/ICTS/09', 'TICT1134', 'Fundamentals of Comuter Programming', 'A+'),
('TS5009', '2019/ICTS/09', 'TICT1142', 'Fundamentals of Computer Programming', 'A+'),
('TS5009', '2019/ICTS/09', 'TICT1152', 'Principles of Management', 'A+'),
('TS5009', '2019/ICTS/09', 'TICT1212', 'Discrete Structures', 'A+'),
('TS5009', '2019/ICTS/09', 'TICT1224', 'Object Oriental Programmming', 'A+'),
('TS5009', '2019/ICTS/09', 'TICT1233', 'Operating System', 'A+'),
('TS5009', '2019/ICTS/09', 'TICT1243', 'Electronic and Digital Circuit Design', 'A+'),
('TS5009', '2019/ICTS/09', 'TICT1252', 'Computational Engineering Drawwing', 'A+'),
('TS5009', '2019/ICTS/09', 'TICT2113', 'Data Structures and Algorithmn', 'A+'),
('TS5009', '2019/ICTS/09', 'TICT2134', 'Advanced Computer Programming', 'A+'),
('TS5010', '2019/ICTS/10', 'AUX1113', 'English Language', 'A+'),
('TS5010', '2019/ICTS/10', 'TICT1114', 'Essentials of ICT', 'A+'),
('TS5010', '2019/ICTS/10', 'TICT1123', 'Mathematics For Technology', 'A+'),
('TS5010', '2019/ICTS/10', 'TICT1134', 'Fundamentals of Comuter Programming', 'A+'),
('TS5010', '2019/ICTS/10', 'TICT1142', 'Fundamentals of Computer Programming', 'A+'),
('TS5010', '2019/ICTS/10', 'TICT1152', 'Principles of Management', 'A+'),
('TS5010', '2019/ICTS/10', 'TICT1212', 'Discrete Structures', 'A+'),
('TS5010', '2019/ICTS/10', 'TICT1224', 'Object Oriental Programmming', 'A+'),
('TS5010', '2019/ICTS/10', 'TICT1233', 'Operating System', 'A+'),
('TS5010', '2019/ICTS/10', 'TICT1243', 'Electronic and Digital Circuit Design', 'A+'),
('TS5010', '2019/ICTS/10', 'TICT1252', 'Computational Engineering Drawwing', 'A+'),
('TS5010', '2019/ICTS/10', 'TICT2113', 'Data Structures and Algorithmn', 'A+'),
('TS5010', '2019/ICTS/10', 'TICT2134', 'Advanced Computer Programming', 'A+'),
('TS5011', '2019/ICTS/11', 'AUX1113', 'English Language', 'A+'),
('TS5011', '2019/ICTS/11', 'TICT1114', 'Essentials of ICT', 'A+'),
('TS5011', '2019/ICTS/11', 'TICT1123', 'Mathematics For Technology', 'A+'),
('TS5011', '2019/ICTS/11', 'TICT1134', 'Fundamentals of Comuter Programming', 'A+'),
('TS5011', '2019/ICTS/11', 'TICT1142', 'Fundamentals of Computer Programming', 'A+'),
('TS5011', '2019/ICTS/11', 'TICT1152', 'Principles of Management', 'A+'),
('TS5011', '2019/ICTS/11', 'TICT1212', 'Discrete Structures', 'A+'),
('TS5011', '2019/ICTS/11', 'TICT1224', 'Object Oriental Programmming', 'A+'),
('TS5011', '2019/ICTS/11', 'TICT1233', 'Operating System', 'A+'),
('TS5011', '2019/ICTS/11', 'TICT1243', 'Electronic and Digital Circuit Design', 'A+'),
('TS5011', '2019/ICTS/11', 'TICT1252', 'Computational Engineering Drawwing', 'A+'),
('TS5011', '2019/ICTS/11', 'TICT2113', 'Data Structures and Algorithmn', 'A+'),
('TS5011', '2019/ICTS/11', 'TICT2134', 'Advanced Computer Programming', 'A+'),
('TS5012', '2019/ICTS/12', 'AUX1113', 'English Language', 'A+'),
('TS5012', '2019/ICTS/12', 'TICT1114', 'Essentials of ICT', 'A+'),
('TS5012', '2019/ICTS/12', 'TICT1123', 'Mathematics For Technology', 'A+'),
('TS5012', '2019/ICTS/12', 'TICT1134', 'Fundamentals of Comuter Programming', 'A+'),
('TS5012', '2019/ICTS/12', 'TICT1142', 'Fundamentals of Computer Programming', 'A+'),
('TS5012', '2019/ICTS/12', 'TICT1152', 'Principles of Management', 'A+'),
('TS5012', '2019/ICTS/12', 'TICT1212', 'Discrete Structures', 'A+'),
('TS5012', '2019/ICTS/12', 'TICT1224', 'Object Oriental Programmming', 'A+'),
('TS5012', '2019/ICTS/12', 'TICT1233', 'Operating System', 'A+'),
('TS5012', '2019/ICTS/12', 'TICT1243', 'Electronic and Digital Circuit Design', 'A+'),
('TS5012', '2019/ICTS/12', 'TICT1252', 'Computational Engineering Drawwing', 'A+'),
('TS5012', '2019/ICTS/12', 'TICT2113', 'Data Structures and Algorithmn', 'A+'),
('TS5012', '2019/ICTS/12', 'TICT2134', 'Advanced Computer Programming', 'A+'),
('TS5013', '2019/ICTS/13', 'AUX1113', 'English Language', 'A+'),
('TS5013', '2019/ICTS/13', 'TICT1114', 'Essentials of ICT', 'A+'),
('TS5013', '2019/ICTS/13', 'TICT1123', 'Mathematics For Technology', 'A+'),
('TS5013', '2019/ICTS/13', 'TICT1134', 'Fundamentals of Comuter Programming', 'A+'),
('TS5013', '2019/ICTS/13', 'TICT1142', 'Fundamentals of Computer Programming', 'A+'),
('TS5013', '2019/ICTS/13', 'TICT1152', 'Principles of Management', 'A+'),
('TS5013', '2019/ICTS/13', 'TICT1212', 'Discrete Structures', 'A+'),
('TS5013', '2019/ICTS/13', 'TICT1224', 'Object Oriental Programmming', 'A+'),
('TS5013', '2019/ICTS/13', 'TICT1233', 'Operating System', 'A+'),
('TS5013', '2019/ICTS/13', 'TICT1243', 'Electronic and Digital Circuit Design', 'A+'),
('TS5013', '2019/ICTS/13', 'TICT1252', 'Computational Engineering Drawwing', 'A+'),
('TS5013', '2019/ICTS/13', 'TICT2113', 'Data Structures and Algorithmn', 'A+'),
('TS5013', '2019/ICTS/13', 'TICT2134', 'Advanced Computer Programming', 'A+'),
('TS5014', '2019/ICTS/14', 'AUX1113', 'English Language', 'A+'),
('TS5014', '2019/ICTS/14', 'TICT1114', 'Essentials of ICT', 'A+'),
('TS5014', '2019/ICTS/14', 'TICT1123', 'Mathematics For Technology', 'A+'),
('TS5014', '2019/ICTS/14', 'TICT1134', 'Fundamentals of Comuter Programming', 'A+'),
('TS5014', '2019/ICTS/14', 'TICT1142', 'Fundamentals of Computer Programming', 'A+'),
('TS5014', '2019/ICTS/14', 'TICT1152', 'Principles of Management', 'A+'),
('TS5014', '2019/ICTS/14', 'TICT1212', 'Discrete Structures', 'A+'),
('TS5014', '2019/ICTS/14', 'TICT1224', 'Object Oriental Programmming', 'A+'),
('TS5014', '2019/ICTS/14', 'TICT1233', 'Operating System', 'A+'),
('TS5014', '2019/ICTS/14', 'TICT1243', 'Electronic and Digital Circuit Design', 'A+'),
('TS5014', '2019/ICTS/14', 'TICT1252', 'Computational Engineering Drawwing', 'A+'),
('TS5014', '2019/ICTS/14', 'TICT2113', 'Data Structures and Algorithmn', 'A+'),
('TS5014', '2019/ICTS/14', 'TICT2134', 'Advanced Computer Programming', 'A+'),
('TS5015', '2019/ICTS/15', 'AUX1113', 'English Language', 'A+'),
('TS5015', '2019/ICTS/15', 'TICT1114', 'Essentials of ICT', 'A+'),
('TS5015', '2019/ICTS/15', 'TICT1123', 'Mathematics For Technology', 'A+'),
('TS5015', '2019/ICTS/15', 'TICT1134', 'Fundamentals of Comuter Programming', 'A+'),
('TS5015', '2019/ICTS/15', 'TICT1142', 'Fundamentals of Computer Programming', 'A+'),
('TS5015', '2019/ICTS/15', 'TICT1152', 'Principles of Management', 'A+'),
('TS5015', '2019/ICTS/15', 'TICT1212', 'Discrete Structures', 'A+'),
('TS5015', '2019/ICTS/15', 'TICT1224', 'Object Oriental Programmming', 'A+'),
('TS5015', '2019/ICTS/15', 'TICT1233', 'Operating System', 'A+'),
('TS5015', '2019/ICTS/15', 'TICT1243', 'Electronic and Digital Circuit Design', 'A+'),
('TS5015', '2019/ICTS/15', 'TICT1252', 'Computational Engineering Drawwing', 'A+'),
('TS5015', '2019/ICTS/15', 'TICT2113', 'Data Structures and Algorithmn', 'A+'),
('TS5015', '2019/ICTS/15', 'TICT2134', 'Advanced Computer Programming', 'A+'),
('TS5016', '2019/ICTS/16', 'AUX1113', 'English Language', 'A+'),
('TS5016', '2019/ICTS/16', 'TICT1114', 'Essentials of ICT', 'A+'),
('TS5016', '2019/ICTS/16', 'TICT1123', 'Mathematics For Technology', 'A+'),
('TS5016', '2019/ICTS/16', 'TICT1134', 'Fundamentals of Comuter Programming', 'A+'),
('TS5016', '2019/ICTS/16', 'TICT1142', 'Fundamentals of Computer Programming', 'A+'),
('TS5016', '2019/ICTS/16', 'TICT1152', 'Principles of Management', 'A+'),
('TS5016', '2019/ICTS/16', 'TICT1212', 'Discrete Structures', 'A+'),
('TS5016', '2019/ICTS/16', 'TICT1224', 'Object Oriental Programmming', 'A+'),
('TS5016', '2019/ICTS/16', 'TICT1233', 'Operating System', 'A+'),
('TS5016', '2019/ICTS/16', 'TICT1243', 'Electronic and Digital Circuit Design', 'A+'),
('TS5016', '2019/ICTS/16', 'TICT1252', 'Computational Engineering Drawwing', 'A+'),
('TS5016', '2019/ICTS/16', 'TICT2113', 'Data Structures and Algorithmn', 'A+'),
('TS5016', '2019/ICTS/16', 'TICT2134', 'Advanced Computer Programming', 'A+'),
('TS5017', '2019/ICTS/17', 'AUX1113', 'English Language', 'A+'),
('TS5017', '2019/ICTS/17', 'TICT1114', 'Essentials of ICT', 'A+'),
('TS5017', '2019/ICTS/17', 'TICT1123', 'Mathematics For Technology', 'A+'),
('TS5017', '2019/ICTS/17', 'TICT1134', 'Fundamentals of Comuter Programming', 'A+'),
('TS5017', '2019/ICTS/17', 'TICT1142', 'Fundamentals of Computer Programming', 'A+'),
('TS5017', '2019/ICTS/17', 'TICT1152', 'Principles of Management', 'A+'),
('TS5017', '2019/ICTS/17', 'TICT1212', 'Discrete Structures', 'A+'),
('TS5017', '2019/ICTS/17', 'TICT1224', 'Object Oriental Programmming', 'A+'),
('TS5017', '2019/ICTS/17', 'TICT1233', 'Operating System', 'A+'),
('TS5017', '2019/ICTS/17', 'TICT1243', 'Electronic and Digital Circuit Design', 'A+'),
('TS5017', '2019/ICTS/17', 'TICT1252', 'Computational Engineering Drawwing', 'A+'),
('TS5017', '2019/ICTS/17', 'TICT2113', 'Data Structures and Algorithmn', 'A+'),
('TS5017', '2019/ICTS/17', 'TICT2134', 'Advanced Computer Programming', 'A+'),
('TS5018', '2019/ICTS/18', 'AUX1113', 'English Language', 'A+'),
('TS5018', '2019/ICTS/18', 'TICT1114', 'Essentials of ICT', 'A+'),
('TS5018', '2019/ICTS/18', 'TICT1123', 'Mathematics For Technology', 'A+'),
('TS5018', '2019/ICTS/18', 'TICT1134', 'Fundamentals of Comuter Programming', 'A+'),
('TS5018', '2019/ICTS/18', 'TICT1142', 'Fundamentals of Computer Programming', 'A+'),
('TS5018', '2019/ICTS/18', 'TICT1152', 'Principles of Management', 'A+'),
('TS5018', '2019/ICTS/18', 'TICT1212', 'Discrete Structures', 'A+'),
('TS5018', '2019/ICTS/18', 'TICT1224', 'Object Oriental Programmming', 'A+'),
('TS5018', '2019/ICTS/18', 'TICT1233', 'Operating System', 'A+'),
('TS5018', '2019/ICTS/18', 'TICT1243', 'Electronic and Digital Circuit Design', 'A+'),
('TS5018', '2019/ICTS/18', 'TICT1252', 'Computational Engineering Drawwing', 'A+'),
('TS5018', '2019/ICTS/18', 'TICT2113', 'Data Structures and Algorithmn', 'A+'),
('TS5018', '2019/ICTS/18', 'TICT2134', 'Advanced Computer Programming', 'A+'),
('TS5019', '2019/ICTS/19', 'AUX1113', 'English Language', 'A+'),
('TS5019', '2019/ICTS/19', 'TICT1114', 'Essentials of ICT', 'A+'),
('TS5019', '2019/ICTS/19', 'TICT1123', 'Mathematics For Technology', 'A+'),
('TS5019', '2019/ICTS/19', 'TICT1134', 'Fundamentals of Comuter Programming', 'A+'),
('TS5019', '2019/ICTS/19', 'TICT1142', 'Fundamentals of Computer Programming', 'A+'),
('TS5019', '2019/ICTS/19', 'TICT1152', 'Principles of Management', 'A+'),
('TS5019', '2019/ICTS/19', 'TICT1212', 'Discrete Structures', 'A+'),
('TS5019', '2019/ICTS/19', 'TICT1224', 'Object Oriental Programmming', 'A+'),
('TS5019', '2019/ICTS/19', 'TICT1233', 'Operating System', 'A+'),
('TS5019', '2019/ICTS/19', 'TICT1243', 'Electronic and Digital Circuit Design', 'A+'),
('TS5019', '2019/ICTS/19', 'TICT1252', 'Computational Engineering Drawwing', 'A+'),
('TS5019', '2019/ICTS/19', 'TICT2113', 'Data Structures and Algorithmn', 'A+'),
('TS5019', '2019/ICTS/19', 'TICT2134', 'Advanced Computer Programming', 'A+'),
('TS5020', '2019/ICTS/20', 'AUX1113', 'English Language', 'A+'),
('TS5020', '2019/ICTS/20', 'TICT1114', 'Essentials of ICT', 'A+'),
('TS5020', '2019/ICTS/20', 'TICT1123', 'Mathematics For Technology', 'A+'),
('TS5020', '2019/ICTS/20', 'TICT1134', 'Fundamentals of Comuter Programming', 'A+'),
('TS5020', '2019/ICTS/20', 'TICT1142', 'Fundamentals of Computer Programming', 'A+'),
('TS5020', '2019/ICTS/20', 'TICT1152', 'Principles of Management', 'A+'),
('TS5020', '2019/ICTS/20', 'TICT1212', 'Discrete Structures', 'A+'),
('TS5020', '2019/ICTS/20', 'TICT1224', 'Object Oriental Programmming', 'A+'),
('TS5020', '2019/ICTS/20', 'TICT1233', 'Operating System', 'A+'),
('TS5020', '2019/ICTS/20', 'TICT1243', 'Electronic and Digital Circuit Design', 'A+'),
('TS5020', '2019/ICTS/20', 'TICT1252', 'Computational Engineering Drawwing', 'A+'),
('TS5020', '2019/ICTS/20', 'TICT2113', 'Data Structures and Algorithmn', 'A+'),
('TS5020', '2019/ICTS/20', 'TICT2134', 'Advanced Computer Programming', 'A+'),
('TS5021', '2019/ICTS/21', 'AUX1113', 'English Language', 'A+'),
('TS5021', '2019/ICTS/21', 'TICT1114', 'Essentials of ICT', 'A+'),
('TS5021', '2019/ICTS/21', 'TICT1123', 'Mathematics For Technology', 'A+'),
('TS5021', '2019/ICTS/21', 'TICT1134', 'Fundamentals of Comuter Programming', 'A+'),
('TS5021', '2019/ICTS/21', 'TICT1142', 'Fundamentals of Computer Programming', 'A+'),
('TS5021', '2019/ICTS/21', 'TICT1152', 'Principles of Management', 'A+'),
('TS5021', '2019/ICTS/21', 'TICT1212', 'Discrete Structures', 'A+'),
('TS5021', '2019/ICTS/21', 'TICT1224', 'Object Oriental Programmming', 'A+'),
('TS5021', '2019/ICTS/21', 'TICT1233', 'Operating System', 'A+'),
('TS5021', '2019/ICTS/21', 'TICT1243', 'Electronic and Digital Circuit Design', 'A+'),
('TS5021', '2019/ICTS/21', 'TICT1252', 'Computational Engineering Drawwing', 'A+'),
('TS5021', '2019/ICTS/21', 'TICT2113', 'Data Structures and Algorithmn', 'A+'),
('TS5021', '2019/ICTS/21', 'TICT2134', 'Advanced Computer Programming', 'A+'),
('TS5022', '2019/ICTS/22', 'AUX1113', 'English Language', 'A+'),
('TS5022', '2019/ICTS/22', 'TICT1114', 'Essentials of ICT', 'A+'),
('TS5022', '2019/ICTS/22', 'TICT1123', 'Mathematics For Technology', 'A+'),
('TS5022', '2019/ICTS/22', 'TICT1134', 'Fundamentals of Comuter Programming', 'A+'),
('TS5022', '2019/ICTS/22', 'TICT1142', 'Fundamentals of Computer Programming', 'A+'),
('TS5022', '2019/ICTS/22', 'TICT1152', 'Principles of Management', 'A+'),
('TS5022', '2019/ICTS/22', 'TICT1212', 'Discrete Structures', 'A+'),
('TS5022', '2019/ICTS/22', 'TICT1224', 'Object Oriental Programmming', 'A+'),
('TS5022', '2019/ICTS/22', 'TICT1233', 'Operating System', 'A+'),
('TS5022', '2019/ICTS/22', 'TICT1243', 'Electronic and Digital Circuit Design', 'A+'),
('TS5022', '2019/ICTS/22', 'TICT1252', 'Computational Engineering Drawwing', 'A+'),
('TS5022', '2019/ICTS/22', 'TICT2113', 'Data Structures and Algorithmn', 'A+'),
('TS5022', '2019/ICTS/22', 'TICT2134', 'Advanced Computer Programming', 'A+'),
('TS6001', '2020/ICTS/01', 'TICT1114', 'Essentials of ICT', 'A+'),
('TS6002', '2020/ICTS/02', 'TICT1114', 'Essentials of ICT', 'A+'),
('TS6003', '2020/ICTS/03', 'TICT1114', 'Essentials of ICT', 'A+'),
('TS6004', '2020/ICTS/04', 'TICT1114', 'Essentials of ICT', 'A+'),
('TS6005', '2020/ICTS/05', 'TICT1114', 'Essentials of ICT', 'A+'),
('TS6006', '2020/ICTS/06', 'TICT1114', 'Essentials of ICT', 'A+'),
('TS6007', '2020/ICTS/07', 'TICT1114', 'Essentials of ICT', 'A+'),
('TS6008', '2020/ICTS/08', 'TICT1114', 'Essentials of ICT', 'A+'),
('TS6009', '2020/ICTS/09', 'TICT1114', 'Essentials of ICT', 'A+'),
('TS6010', '2020/ICTS/10', 'TICT1114', 'Essentials of ICT', 'A+'),
('TS6011', '2020/ICTS/11', 'TICT1114', 'Essentials of ICT', 'A+'),
('TS6012', '2020/ICTS/12', 'TICT1114', 'Essentials of ICT', 'A+'),
('TS6013', '2020/ICTS/13', 'TICT1114', 'Essentials of ICT', 'A+'),
('TS6014', '2020/ICTS/14', 'TICT1114', 'Essentials of ICT', 'A+'),
('TS6015', '2020/ICTS/15', 'TICT1114', 'Essentials of ICT', 'A+'),
('TS6016', '2020/ICTS/16', 'TICT1114', 'Essentials of ICT', 'A+'),
('TS6017', '2020/ICTS/17', 'TICT1114', 'Essentials of ICT', 'A+'),
('TS6018', '2020/ICTS/18', 'TICT1114', 'Essentials of ICT', 'A+'),
('TS6019', '2020/ICTS/19', 'TICT1114', 'Essentials of ICT', 'A+'),
('TS6020', '2020/ICTS/20', 'TICT1114', 'Essentials of ICT', 'A+');

-- --------------------------------------------------------

--
-- Table structure for table `staffdetails`
--

CREATE TABLE `staffdetails` (
  `staffid` varchar(50) NOT NULL,
  `email` varchar(100) NOT NULL
) ENGINE=InnoDB DEFAULT CHARSET=utf8mb4;

--
-- Dumping data for table `staffdetails`
--

INSERT INTO `staffdetails` (`staffid`, `email`) VALUES
('L01', 'l01@vau.ac.lk'),
('L02', 'l02@vau.ac.lk'),
('L03', 'l03@vau.ac.lk'),
('L04', 'l04@vau.ac.lk'),
('L05', 'l05@vau.ac.lk'),
('L06', 'l06@vau.ac.lk'),
('L07', 'l07@vau.ac.lk'),
('L08', 'l08@vau.ac.lk'),
('L09', 'l09@vau.ac.lk'),
('L10', 'l10@vau.ac.lk'),
('L11', 'l11@vau.ac.lk'),
('L12', 'l12@vau.ac.lk'),
('L13', 'l13@vau.ac.lk'),
('L14', 'l14@vau.ac.lk'),
('L15', 'l15@vau.ac.lk'),
('L16', 'l16@vau.ac.lk'),
('L17', 'l17@vau.ac.lk'),
('L18', 'l18@vau.ac.lk'),
('L19', 'l19@vau.ac.lk'),
('L20', 'l20@vau.ac.lk');

-- --------------------------------------------------------

--
-- Table structure for table `studentdetails`
--

CREATE TABLE `studentdetails` (
  `first_name` varchar(200) NOT NULL,
  `last_name` varchar(200) NOT NULL,
  `reg_no` varchar(50) NOT NULL,
  `index_no` varchar(50) NOT NULL,
  `address` varchar(250) NOT NULL,
  `email` varchar(100) NOT NULL,
  `tel_no` varchar(20) NOT NULL,
  `year` int(4) NOT NULL
) ENGINE=InnoDB DEFAULT CHARSET=utf8mb4;

--
-- Dumping data for table `studentdetails`
--

INSERT INTO `studentdetails` (`first_name`, `last_name`, `reg_no`, `index_no`, `address`, `email`, `tel_no`, `year`) VALUES
('Nishedha', 'Ayeshwari', '2017/ICTS/01', 'TS3001', 'No 45,\r\ndibulagala,\r\nPolonnaruwa.', '2018icts26@vau.jfn.ac.lk', '0778888700', 4),
('Bawanthi', 'Perera', '2017/ICTS/02', 'TS3002', '', '2018icts27@vau.jfn.ac.lk', '', 4),
('Malindu', 'Kamesh', '2017/ICTS/03', 'TS3003', '', '2018icts28@vau.jfn.ac.lk', '', 4),
('Sankalpa ', 'Ranaweera', '2017/ICTS/04', 'TS3004', 'No 50,\r\nNaiwala,\r\nVeyangoda', 'sankalparanaweera77@gmail.com', '0775859634', 4),
('Hiran', 'Turbo', '2017/ICTS/05', 'TS3005', '', '2018icts30@vau.jfn.ac.lk', '', 4),
('Maleesha', 'Dilshan', '2017/ICTS/06', 'TS3006', 'No', 'No 56,\r\nKalu Kalee,\r\nHorana.', '0725656565', 4),
('Navod', 'Yapa', '2017/ICTS/07', 'TS3007', 'No 65/F,\r\nDadagamuwa,\r\nVeyangoda.', '2018icts32@vau.jfn.ac.lk', '0715625623', 4),
('Princ', 'Nishanthini', '2017/ICTS/08', 'TS3008', 'No 12,\r\nWawa Rd,\r\nPampemadu,\r\nVavuniya.', '2018icts33@vau.jfn.ac.lk', '0784561230', 4),
('Aloka', 'Thathsarani', '2017/ICTS/09', 'TS3009', '', '2018icts34@vau.jfn.ac.lk', '', 4),
('Lasith', 'Amandha', '2017/ICTS/10', 'TS3010', 'No 4,\r\nPrinc Rd,\r\nColombo.', '2018icts35@vau.jfn.ac.lk', '0747894562', 4),
('Sahiru', 'Dilshan', '2017/ICTS/11', 'TS3011', 'No 130/2/2,\r\nRanawiru Nuwan Dhanushka Pieirs Rd,\r\nGalthude,\r\nPanadura.', 'sahirudilshan2000@gmail.com', '0716154449', 4),
('Sadhani', 'Dhananjaya', '2017/ICTS/12', 'TS3012', 'No 456/F,\r\nBodhiya Rd,\r\nKalwawa,\r\nKaluthara.', '2018icts37@vau.jfn.ac.lk', '0778885600', 4),
('Janani', 'Vithanage', '2017/ICTS/13', 'TS3013', 'No12/B,\r\nSoduru Niwahana,\r\nGanemulla,\r\nKadawatha.', '2018icts38@vau.jfn.ac.lk', '0779638521', 4),
('Lahiru', 'Lakmina', '2017/ICTS/14', 'TS3014', 'No 4/A,\r\nKala road,\r\nKadawatha.', '2018icts39@vau.jfn.ac.lk', '0714782596', 4),
('Tharshayini', 'Kumari', '2017/ICTS/15', 'TS3015', '', '2018icts40@vau.jfn.ac.lk', '0754896328', 4),
('Mohommad', 'Sazhan', '2017/ICTS/16', 'TS3016', 'No 11,\r\nAhaliyagoda,\r\nRathnapura.', '2018icts41@vau.jfn.ac.lk', '0713692587', 4),
('Malshi', 'Imasha', '2017/ICTS/17', 'TS3017', 'No 4,\r\nKatunayaka rd,\r\nMinuwangoda.', '2018icts42@vau.jfn.ac.lk', '0783256987', 4),
('Tharidu', 'Jayanath', '2017/ICTS/18', 'TS3018', '', '2018icts43@vau.jfn.ac.lk', '', 4),
('Hashan', 'Kogul', '2017/ICTS/19', 'TS3019', '', '2018icts44@vau.jfn.ac.lk', '', 4),
('Vithushan', 'Selvaraj', '2017/ICTS/20', 'TS3020', '', '2018icts45@vau.jfn.ac.lk', '', 4),
('Imesh', 'Peiris', '2017/ICTS/21', 'TS3021', 'No 10/A,\r\nNaiwala,\r\nVeyangoda', 'imesh1999@gmail.com', '0754896321', 4),
('Dinuka', 'Dulanjana', '2017/ICTS/22', 'TS3022', '', '2018icts47@vau.jfn.ac.lk', '', 4),
('Pabudi', 'Ranasingha', '2017/ICTS/23', 'TS3023', '', '2018icts48@vau.jfn.ac.lk', '', 4),
('Tharushi', 'Avishka', '2017/ICTS/24', 'TS3024', '', '2018icts49@vau.jfn.ac.lk', '', 4),
('Radhika', 'Nanayakkara', '2017/ICTS/25', 'TS3025', '', '', '', 4),
('Sadun', 'Mahesh', '2018/ICTS/01', 'TS4001', 'No 12,\r\nHandiye Gedara Mawatha,\r\nWataalla,\r\nAlawwa. ', '2018icts01@vau.jfn.ac.lk', '0782017877', 3),
('Pricy', 'Chaym', '2018/ICTS/02', 'TS4002', 'No 45,\r\nWewa para,\r\nPolonnaruwa.', '2018icts02@vau.jfn.ac.lk', '0781112563', 3),
('Thansh', 'Selvaraja', '2018/ICTS/03', 'TS4003', 'No 11,\r\nChennai Rd,\r\nMulathiw.', '2018icts03@vau.jfn.ac.lk', '0778555900', 3),
('Jude', 'Roganz', '2018/ICTS/04', 'TS4004', 'No 25/2,\r\nAraliya rd ,\r\nKalniya.', '2018icts04@vau.jfn.ac.lk', '0745896321', 3),
('Jayalath', 'Manoharan', '2018/ICTS/05', 'TS4005', 'No50,\r\nKalten House,\r\nVavuniya.', '2018icts05@vau.jfn.ac.lk', '0789638524', 3),
('Mihil', 'Sadakan', '2018/ICTS/06', 'TS4006', 'No51/2/F,\r\nWalapala,\r\nPanadura.', 'mihil2000@gmail.com', '0782017877', 3),
('Chathura', 'Madhusanka', '2018/ICTS/07', 'TS4007', 'No 23,\r\nDubliucation Rd,\r\nColombo.', '2018icts047@vau.jfn.ac.lk', '0775555900', 3),
('Lakmi', 'Kanchana', '2018/ICTS/08', 'TS4008', 'No 456,\r\nSuduwali Rd,\r\nKuliyapitiya.', 'lakmikanchana08@gmail.com', '0759686965', 3),
('Dilsha', 'Weliwita', '2018/ICTS/09', 'TS4009', 'No 45/7,\r\nGamsabawa,\r\nKadawatha.', 'dilsha1999@gmail.com', '0715689632', 3),
('Sanju', 'Dilshan', '2018/ICTS/10', 'TS4010', 'No 45/D,\r\nBodiya Road,\r\nKaluthara.', 'rashin1212@gmail.com', '0789696999', 3),
('Selvaraj', 'Kumara', '2018/ICTS/11', 'TS4011', 'No 55,\r\nGala Gedara,\r\nGanemulla.', '2018icts11@vau.jfn.ac.lk', '0754896355', 3),
('Gayana', 'Lewke', '2018/ICTS/12', 'TS4012', 'No 1,\r\nWhite House,\r\nPrince Rd,\r\nColombo.', '2018icts12@vau.jfn.ac.lk', '0716154789', 3),
('Mihiri', 'Thathsarani', '2018/ICTS/13', 'TS4013', '', '2018icts13@vau.jfn.ac.lk', '0782111814', 3),
('Janod', 'Heshan', '2018/ICTS/14', 'TS4014', '', '2018icts14@vau.jfn.ac.lk', '', 3),
('Mohommad', 'Safkhan', '2018/ICTS/15', 'TS4015', 'No45/7, \r\nWhite House,\r\nColombo', 'Safkhan1999@gmail.com', '0754896344', 3),
('Selwam', 'Mithushi', '2018/ICTS/16', 'TS4016', 'No 10/5/A,\r\nChennai Rd,\r\nKilinochchi.', '2018icts16@vau.jfn.ac.lk', '0779999222', 3),
('Santhush', 'Ranweera', '2018/ICTS/17', 'TS4017', '', '2018icts17@vau.jfn.ac.lk', '', 3),
('Thamindu', 'Nipun', '2018/ICTS/18', 'TS4018', 'No 22/F,\r\nHorowpathana,\r\nAnuradhapura.', '2018icts18@vau.jfn.ac.lk', '0747587589', 3),
('Sahan', 'Udesha', '2018/ICTS/19', 'TS4019', '', '2018icts19@vau.jfn.ac.lk', '', 3),
('Vimukthi', 'Thilina', '2018/ICTS/20', 'TS4020', '', '2018icts21@vau.jfn.ac.lk', '', 3),
('Santhush', 'Rasanjana', '2018/ICTS/21', 'TS4021', '', '2018icts21@vau.jfn.ac.lk', '', 3),
('Pavani', 'Madhushani', '2018/ICTS/22', 'TS4022', 'No 123,\r\nBadhiWawa,\r\nPolonnaruwa.', '2018icts22@vau.jfn.ac.lk', '0755555200', 3),
('Isiwara', 'Perera', '2018/ICTS/23', 'TS4023', '', '2018icts23@vau.jfn.ac.lk', '', 3),
('Ravindu', 'Jayalath', '2018/ICTS/24', 'TS4024', 'No 420/2,\r\nRanawiru Rd,\r\nAlawwa.', '2018icts24@vau.jfn.ac.lk', '0778888900', 3),
('Pavani', 'Madhushani', '2018/ICTS/25', 'TS4025', '', '2018icts25@vau.jfn.ac.lk', '', 3),
('Taniya', 'Aththanayake', '2019/ICTS/01', 'TS3001', '', '', '', 2),
('Radhika', 'Nipuni', '2019/ICTS/02', 'TS5002', '', '', '', 2),
('Nipuni', 'Keshika', '2019/ICTS/03', 'TS5003', '', '', '', 2),
('Nipuna', 'Nayanajith', '2019/ICTS/04', 'TS5004', '', '', '', 2),
('Chalana', 'Viduranga', '2019/ICTS/05', 'TS5005', '', '', '', 2),
('Naveen', 'Shalinda', '2019/ICTS/06', 'TS5006', '', '', '', 2),
('Janith', 'Madhushanka', '2019/ICTS/07', 'TS5007', '', '', '', 2),
('Mudith', 'Praveen', '2019/ICTS/08', 'TS5008', '', '', '', 2),
('Maleesha', 'Pathum', '2019/ICTS/09', 'TS5009', '', '', '', 2),
('Amila', 'Sampath', '2019/ICTS/10', 'TS5010', '', '', '', 2),
('Sanjeewani', 'Dodangoda', '2019/ICTS/11', 'TS5011', '', '', '', 2),
('Tharaka', 'Lakmal', '2019/ICTS/12', 'TS5012', '', '', '', 2),
('Nuwan', 'Rasanga', '2019/ICTS/13', 'TS5013', '', '', '', 2),
('Pathum', 'Lakmal', '2019/ICTS/14', 'TS5014', '', '', '', 2),
('Jagath', 'Thilaka', '2019/ICTS/15', 'TS5015', '', '', '', 2),
('Harshani', 'Sewwandi', '2019/ICTS/16', 'TS5016', '', '', '', 2),
('Nuwangi', 'Perera', '2019/ICTS/17', 'TS5017', '', '', '', 2),
('Tharushi', 'Dharmasiri', '2019/ICTS/18', 'TS5018', 'No 12,\r\nGangasiri road,\r\nGampola', 'dharmasiri527.tnd@gmail.com', '0782017814', 2),
('Minodya', 'Kavindi', '2019/ICTS/19', 'TS5019', '', '', '', 2),
('Radhika', 'Nipuni', '2019/ICTS/20', 'TS5020', '', '', '', 2),
('Avishka', 'Udana', '2019/ICTS/21', 'TS5021', '', '', '', 2),
('Chamith', 'Sadeepa', '2019/ICTS/22', 'TS5022', 'No 278/A,\r\nBogas handiya,\r\nAralaganwila.', 'chamith09@gmail.com', '0789635632', 2),
('K.D.', 'Amada', '2020/ICTS/01', 'TS6001', '', '', '', 1),
('S.A.H.', 'kokawala', '2020/ICTS/02', 'TS6002', '', '', '', 1),
('F.H.J.', 'Kavindi', '2020/ICTS/03', 'TS6003', '', '', '', 1),
('K.D.A.', 'Dilshan', '2020/ICTS/04', 'TS6004', '', '', '', 1),
('T.L.P.', 'Kumara', '2020/ICTS/05', 'TS6005', '', '', '', 1),
('T.D.S.S.', 'Chayan', '2020/ICTS/06', 'TS6006', '', '', '', 1),
('R.T.', 'Maduri', '2020/ICTS/07', 'TS6007', '', '', '', 1),
('J.D.A.', 'Ranasignha', '2020/ICTS/08', 'TS6008', '', '', '', 1),
('J.D.', 'Muthugala', '2020/ICTS/09', 'TS6009', '', '', '', 1),
('S.U.', 'Kumari', '2020/ICTS/10', 'TS6010', '', '', '', 1),
('K.D.P.', 'Ranahansi', '2020/ICTS/11', 'TS6011', '', '', '', 1),
('j.H.Y.', 'Honnathara', '2020/ICTS/12', 'TS6012', '', '', '', 1),
('T.I.T.', 'Peiris', '2020/ICTS/13', 'TS6013', '', '', '', 1),
('U.T.R.', 'Siriwardana', '2020/ICTS/14', 'TS6014', '', '', '', 1),
('S.S.A.D.', 'Bandara', '2020/ICTS/15', 'TS6015', '', '', '', 1),
('T.S.', 'Nayanagith', '2020/ICTS/16', 'TS6016', '', '', '', 1),
('D.T.A.R.', 'Kumarai', '2020/ICTS/17', 'TS6017', '', '', '', 1),
('Y.J.L.', 'Shalinda', '2020/ICTS/18', 'TS6018', '', '', '', 1),
('K.L.M.', 'Ravindu', '2020/ICTS/19', 'TS6019', '', '', '', 1),
('Y.J.O.P.', 'Lalani', '2020/ICTS/20', 'TS6020', '', '', '', 1);

-- --------------------------------------------------------

--
-- Table structure for table `subject`
--

CREATE TABLE `subject` (
  `subject_code` varchar(100) NOT NULL,
  `name` varchar(200) NOT NULL,
  `staffid` varchar(100) NOT NULL,
  `year` int(4) NOT NULL,
  `semester` int(4) NOT NULL
) ENGINE=InnoDB DEFAULT CHARSET=utf8mb4;

--
-- Dumping data for table `subject`
--

INSERT INTO `subject` (`subject_code`, `name`, `staffid`, `year`, `semester`) VALUES
('AUX1113', 'English Language', 'L20', 1, 1),
('AUX2113', 'English Language', 'L09', 2, 1),
('AUX2212', 'Communication and Soft Skills', 'L13', 2, 2),
('TICT1114', 'Essentials of ICT', 'L01', 1, 1),
('TICT1123', 'Mathematics For Technology', 'L02', 1, 1),
('TICT1134', 'Fundamentals of Comuter Programming', 'L19', 1, 1),
('TICT1142', 'Fundamentals of Computer Programming', 'L19', 1, 1),
('TICT1152', 'Principles of Management', 'L16', 1, 1),
('TICT1162', 'Mobile Application', '', 1, 1),
('TICT1212', 'Discrete Structures', 'L17', 1, 2),
('TICT1223', 'Operating System', 'L11', 1, 2),
('TICT1224', 'Object Oriental Programmming', 'L14', 1, 2),
('TICT1233', 'Operating System', 'L02', 1, 2),
('TICT1243', 'Electronic and Digital Circuit Design', 'L08', 1, 2),
('TICT1252', 'Computational Engineering Drawwing', 'L07', 1, 2),
('TICT1261', 'IT Law', 'L20', 1, 2),
('TICT1263', 'Mangement', '', 1, 2),
('TICT2113', 'Data Structures and Algorithmn', 'L05', 2, 1),
('TICT2122', 'Statistic For Technology', 'L04', 2, 1),
('TICT2134', 'Advanced Computer Programming', 'L07', 2, 1),
('TICT2142', 'Multimedia Design and Technologies', 'L06', 2, 1),
('TICT2153', 'Human Computer Interaction', 'L06', 2, 1),
('TICT2212', 'Operational Research', 'L08', 2, 2),
('TICT2222', 'Computer Network', 'L08', 2, 2),
('TICT2233', 'Database Management System', 'L07', 2, 2),
('TICT2244', 'Computer Graphics', 'L10', 2, 2),
('TICT2252', 'System Analysis and Design', 'L11', 2, 2),
('TICT2263', 'Accounting For Technology', 'L12', 2, 2),
('TICT3112', 'Career Guidance', 'L09', 3, 1),
('TICT3113', 'Computer Architecture and Organization', 'L02', 3, 1),
('TICT3123', 'Advanced Database Management System', 'L03', 3, 1),
('TICT3132', 'Advanced Web Technologies', 'L04', 3, 1),
('TICT3142', 'Social and Professional Issues in IT', 'L05', 3, 1),
('TICT3153', 'Software Engineering', 'L06', 3, 1),
('TICT3162', 'Information Security', 'L07', 3, 1),
('TICT3211', 'Research Methodology and Scientific Writing', 'L16', 3, 2),
('TICT3221', 'Entrepreneurship for Technology', 'L13', 3, 2),
('TICT3222', 'IT Project Management', 'L14', 3, 2),
('TICT3232', 'Software and Quality Assurance', 'L14\r\n', 3, 2),
('TICT3243', 'Mobile Computing', 'L15', 3, 2),
('TICT3252', 'Green Computing', 'L14', 3, 2),
('TICT3262', 'Distributed Systems', 'L16', 3, 2),
('TICT4116', 'Group Research Project', 'L11', 4, 1),
('TICT4126', 'Industrial Training', 'L12', 4, 1),
('TICT4213', 'Data Mining and Data Warchousing', 'L14', 4, 2),
('TICT4223', 'Digital Image Processing', 'L20', 4, 2),
('TICT4233', 'e-Commerce', 'L17', 4, 2),
('TICT4242', 'Mobile Application Development', 'L12', 4, 2),
('TICT4253', 'Intelligent System', 'L14', 4, 2),
('TICT4262', 'Cloud Application Development', 'L16', 4, 2),
('TICT4272', 'Applied Bio-information', 'L18', 4, 2);

-- --------------------------------------------------------

--
-- Table structure for table `user`
--

CREATE TABLE `user` (
  `id` varchar(50) NOT NULL,
  `password` varchar(50) NOT NULL
) ENGINE=InnoDB DEFAULT CHARSET=utf8mb4;

--
-- Dumping data for table `user`
--

INSERT INTO `user` (`id`, `password`) VALUES
('2017/ICTS/01', 'AAAAAA'),
('2017/ICTS/02', 'AAA'),
('2018/ICTS/01', 'AAAAAA'),
('2018/ICTS/02', 'aaaaaa'),
('2018/ICTS/07', 'C12345'),
('2018/ICTS/12', 'AAAAAA'),
('2018/ICTS/14', 'AAAAAA'),
('2018/ICTS/16', 'AAAAAA'),
('2018/ICTS/17', '123456'),
('2018/ICTS/19', 'AAAAAA'),
('2018/ICTS/21', 'AAAAAA'),
('2018/ICTS/22', 'AAAAAA'),
('2018/ICTS/25', 'AAAAAA'),
('2018/ICTS/29', 'AAAAAA'),
('2018/ICTS/80', '1212'),
('2019/ICTS/01', 'AAAAAA'),
('A01', 'FTS01A');

--
-- Indexes for dumped tables
--

--
-- Indexes for table `admin`
--
ALTER TABLE `admin`
  ADD PRIMARY KEY (`Id`);

--
-- Indexes for table `result`
--
ALTER TABLE `result`
  ADD PRIMARY KEY (`reg_no`,`subject_code`),
  ADD KEY `subject_code` (`subject_code`);

--
-- Indexes for table `staffdetails`
--
ALTER TABLE `staffdetails`
  ADD PRIMARY KEY (`staffid`);

--
-- Indexes for table `studentdetails`
--
ALTER TABLE `studentdetails`
  ADD PRIMARY KEY (`reg_no`);

--
-- Indexes for table `subject`
--
ALTER TABLE `subject`
  ADD PRIMARY KEY (`subject_code`);

--
-- Indexes for table `user`
--
ALTER TABLE `user`
  ADD PRIMARY KEY (`id`);

--
-- Constraints for dumped tables
--

--
-- Constraints for table `result`
--
ALTER TABLE `result`
  ADD CONSTRAINT `result_ibfk_1` FOREIGN KEY (`subject_code`) REFERENCES `subject` (`subject_code`);
COMMIT;

/*!40101 SET CHARACTER_SET_CLIENT=@OLD_CHARACTER_SET_CLIENT */;
/*!40101 SET CHARACTER_SET_RESULTS=@OLD_CHARACTER_SET_RESULTS */;
/*!40101 SET COLLATION_CONNECTION=@OLD_COLLATION_CONNECTION */;
